dt,sku_id,channel_id,warehouse_id,sales_qty,sales_amt,return_qty,return_amt,net_sales_qty,net_sales_amt,order_count,shipment_qty,avg_price,is_promotion,promo_out_qty,exclude_cal_flag,etl_time
2026-07-01,1001,1,1,177,11235.1800,3,193.7100,174,11235.1800,87,174,64.5700,0,0,0,"2026-09-04 12:34:54"
2026-07-01,1001,1,2,114,15008.6600,1,132.8200,113,15008.6600,56,113,132.8200,0,0,0,"2026-09-04 12:34:54"
2026-07-01,1001,1,3,195,9527.3400,1,49.1100,194,9527.3400,97,194,49.1100,0,0,0,"2026-09-04 12:34:54"
2026-07-01,1002,1,1,124,17439.3600,0,0.0000,124,17439.3600,62,124,140.6400,0,0,0,"2026-09-04 12:34:54"
2026-07-01,1002,1,2,146,2746.2600,0,0.0000,146,2746.2600,73,146,18.8100,0,0,0,"2026-09-04 12:34:54"
2026-07-01,1002,1,3,29,699.1600,1,24.9700,28,699.1600,14,28,24.9700,0,0,0,"2026-09-04 12:34:54"
2026-07-01,1003,1,1,133,19439.3600,5,759.3500,128,19439.3600,64,128,151.8700,0,0,0,"2026-09-04 12:34:54"
2026-07-01,1003,1,2,152,4764.7000,7,230.0200,145,4764.7000,72,145,32.8600,0,0,0,"2026-09-04 12:34:54"
2026-07-01,1003,1,3,166,23776.8100,3,437.6100,163,23776.8100,81,163,145.8700,0,0,0,"2026-09-04 12:34:54"
2026-07-01,1004,1,1,184,15606.2400,1,85.2800,183,15606.2400,91,183,85.2800,0,0,0,"2026-09-04 12:34:54"
2026-07-01,1004,1,2,164,24883.7200,0,0.0000,164,24883.7200,82,164,151.7300,0,0,0,"2026-09-04 12:34:54"
2026-07-01,1004,1,3,89,16969.0400,1,192.8300,88,16969.0400,44,88,192.8300,0,0,0,"2026-09-04 12:34:54"
2026-07-01,1005,1,1,135,15242.8500,0,0.0000,135,15242.8500,67,135,112.9100,0,0,0,"2026-09-04 12:34:54"
2026-07-01,1005,1,2,65,10041.6000,1,156.9000,64,10041.6000,32,64,156.9000,0,0,0,"2026-09-04 12:34:54"
2026-07-01,1005,1,3,200,20874.1200,3,317.8800,197,20874.1200,98,197,105.9600,0,0,0,"2026-09-04 12:34:54"
2026-07-01,1006,1,1,142,8580.3100,5,313.1500,137,8580.3100,68,137,62.6300,0,0,0,"2026-09-04 12:34:54"
2026-07-01,1006,1,2,376,9905.3300,9,242.9100,367,9905.3300,183,367,26.9900,1,376,0,"2026-09-04 12:34:54"
2026-07-01,1006,1,3,128,13502.5000,3,324.0600,125,13502.5000,62,125,108.0200,0,0,0,"2026-09-04 12:34:54"
2026-07-01,1007,1,1,145,25064.7000,0,0.0000,145,25064.7000,72,145,172.8600,0,0,0,"2026-09-04 12:34:54"
2026-07-01,1007,1,2,164,22383.5400,2,276.3400,162,22383.5400,81,162,138.1700,0,0,0,"2026-09-04 12:34:54"
2026-07-01,1007,1,3,95,1726.1500,0,0.0000,95,1726.1500,47,95,18.1700,0,0,0,"2026-09-04 12:34:54"
2026-07-01,1008,1,1,52,873.0800,0,0.0000,52,873.0800,26,52,16.7900,0,0,0,"2026-09-04 12:34:54"
2026-07-01,1008,1,2,134,11267.3100,3,258.0300,131,11267.3100,65,131,86.0100,0,0,0,"2026-09-04 12:34:54"
2026-07-01,1008,1,3,130,14251.9000,0,0.0000,130,14251.9000,65,130,109.6300,0,0,0,"2026-09-04 12:34:54"
2026-07-01,1009,1,1,177,7719.2600,4,178.4800,173,7719.2600,86,173,44.6200,0,0,0,"2026-09-04 12:34:54"
2026-07-01,1009,1,2,135,10717.0800,3,243.5700,132,10717.0800,66,132,81.1900,0,0,0,"2026-09-04 12:34:54"
2026-07-01,1009,1,3,62,8756.8800,0,0.0000,62,8756.8800,31,62,141.2400,0,0,0,"2026-09-04 12:34:54"
2026-07-01,1010,1,1,57,895.9500,2,32.5800,55,895.9500,27,55,16.2900,0,0,0,"2026-09-04 12:34:54"
2026-07-01,1010,1,2,74,4702.3200,2,130.6200,72,4702.3200,36,72,65.3100,1,74,0,"2026-09-04 12:34:54"
2026-07-01,1010,1,3,25,707.2500,0,0.0000,25,707.2500,12,25,28.2900,0,0,0,"2026-09-04 12:34:54"
2026-07-01,1011,1,1,46,4707.5600,2,213.9800,44,4707.5600,22,44,106.9900,0,0,0,"2026-09-04 12:34:54"
2026-07-01,1011,1,2,62,2253.6000,2,75.1200,60,2253.6000,30,60,37.5600,0,0,0,"2026-09-04 12:34:54"
2026-07-01,1011,1,3,25,3730.3200,1,155.4300,24,3730.3200,12,24,155.4300,0,0,0,"2026-09-04 12:34:54"
2026-07-01,1012,1,1,288,16077.0800,11,638.4400,277,16077.0800,138,277,58.0400,1,288,0,"2026-09-04 12:34:54"
2026-07-01,1012,1,2,374,34972.4800,1,93.7600,373,34972.4800,186,373,93.7600,1,374,0,"2026-09-04 12:34:54"
2026-07-01,1012,1,3,104,11785.0800,2,231.0800,102,11785.0800,51,102,115.5400,0,0,0,"2026-09-04 12:34:54"
2026-07-01,1013,1,1,161,22912.5800,4,583.7600,157,22912.5800,78,157,145.9400,0,0,0,"2026-09-04 12:34:54"
2026-07-01,1013,1,2,153,2038.5000,3,40.7700,150,2038.5000,75,150,13.5900,0,0,0,"2026-09-04 12:34:54"
2026-07-01,1013,1,3,68,2296.0900,1,34.2700,67,2296.0900,33,67,34.2700,0,0,0,"2026-09-04 12:34:54"
2026-07-01,1014,1,1,142,15342.1600,6,676.8600,136,15342.1600,68,136,112.8100,0,0,0,"2026-09-04 12:34:54"
2026-07-01,1014,1,2,32,2757.4400,0,0.0000,32,2757.4400,16,32,86.1700,0,0,0,"2026-09-04 12:34:54"
2026-07-01,1014,1,3,123,2463.1800,1,20.1900,122,2463.1800,61,122,20.1900,0,0,0,"2026-09-04 12:34:54"
2026-07-01,1015,1,1,90,14566.5000,0,0.0000,90,14566.5000,45,90,161.8500,0,0,0,"2026-09-04 12:34:54"
2026-07-01,1015,1,2,169,2968.8400,8,147.5200,161,2968.8400,80,161,18.4400,0,0,0,"2026-09-04 12:34:54"
2026-07-01,1015,1,3,38,4288.3000,0,0.0000,38,4288.3000,19,38,112.8500,0,0,0,"2026-09-04 12:34:54"
2026-07-01,1016,1,1,81,9310.1400,0,0.0000,81,9310.1400,40,81,114.9400,1,81,0,"2026-09-04 12:34:54"
2026-07-01,1016,1,2,130,12853.6700,3,303.6300,127,12853.6700,63,127,101.2100,0,0,0,"2026-09-04 12:34:54"
2026-07-01,1016,1,3,153,27449.6800,1,180.5900,152,27449.6800,76,152,180.5900,0,0,0,"2026-09-04 12:34:54"
2026-07-01,1017,1,1,78,3883.1100,1,50.4300,77,3883.1100,38,77,50.4300,0,0,0,"2026-09-04 12:34:54"
2026-07-01,1017,1,2,148,24999.1000,6,1056.3000,142,24999.1000,71,142,176.0500,0,0,0,"2026-09-04 12:34:54"
2026-07-01,1017,1,3,83,11744.8000,3,440.4300,80,11744.8000,40,80,146.8100,0,0,0,"2026-09-04 12:34:54"
2026-07-01,1018,1,1,108,5452.6400,2,102.8800,106,5452.6400,53,106,51.4400,0,0,0,"2026-09-04 12:34:54"
2026-07-01,1018,1,2,156,3494.1400,5,115.7000,151,3494.1400,75,151,23.1400,0,0,0,"2026-09-04 12:34:54"
2026-07-01,1018,1,3,108,11060.4000,4,425.4000,104,11060.4000,52,104,106.3500,0,0,0,"2026-09-04 12:34:54"
2026-07-01,1019,1,1,145,3427.8000,0,0.0000,145,3427.8000,72,145,23.6400,0,0,0,"2026-09-04 12:34:54"
2026-07-01,1019,1,2,44,842.3700,1,19.5900,43,842.3700,21,43,19.5900,0,0,0,"2026-09-04 12:34:54"
2026-07-01,1019,1,3,63,3521.0700,0,0.0000,63,3521.0700,31,63,55.8900,0,0,0,"2026-09-04 12:34:54"
2026-07-01,1020,1,1,179,24362.0800,7,991.4800,172,24362.0800,86,172,141.6400,0,0,0,"2026-09-04 12:34:54"
2026-07-01,1020,1,2,10,445.3000,0,0.0000,10,445.3000,5,10,44.5300,0,0,0,"2026-09-04 12:34:54"
2026-07-01,1020,1,3,182,6249.8700,5,176.5500,177,6249.8700,88,177,35.3100,0,0,0,"2026-09-04 12:34:54"
2026-07-01,1021,1,1,143,27034.0000,3,579.3000,140,27034.0000,70,140,193.1000,0,0,0,"2026-09-04 12:34:54"
2026-07-01,1021,1,2,187,10485.8000,2,113.3600,185,10485.8000,92,185,56.6800,0,0,0,"2026-09-04 12:34:54"
2026-07-01,1021,1,3,175,23669.5200,7,986.2300,168,23669.5200,84,168,140.8900,0,0,0,"2026-09-04 12:34:54"
2026-07-01,1022,1,1,373,24673.3600,15,1033.8000,358,24673.3600,179,358,68.9200,1,373,0,"2026-09-04 12:34:54"
2026-07-01,1022,1,2,232,31110.3500,5,685.2500,227,31110.3500,113,227,137.0500,1,232,0,"2026-09-04 12:34:54"
2026-07-01,1022,1,3,143,1504.1600,7,77.4200,136,1504.1600,68,136,11.0600,0,0,0,"2026-09-04 12:34:54"
2026-07-01,1023,1,1,161,15120.9000,2,190.2000,159,15120.9000,79,159,95.1000,0,0,0,"2026-09-04 12:34:54"
2026-07-01,1023,1,2,44,322.5200,0,0.0000,44,322.5200,22,44,7.3300,0,0,0,"2026-09-04 12:34:54"
2026-07-01,1023,1,3,18,1396.6200,0,0.0000,18,1396.6200,9,18,77.5900,0,0,0,"2026-09-04 12:34:54"
2026-07-01,1024,1,1,175,20153.5000,5,592.7500,170,20153.5000,85,170,118.5500,0,0,0,"2026-09-04 12:34:54"
2026-07-01,1024,1,2,44,7963.5600,0,0.0000,44,7963.5600,22,44,180.9900,0,0,0,"2026-09-04 12:34:54"
2026-07-01,1024,1,3,33,5989.1700,0,0.0000,33,5989.1700,16,33,181.4900,0,0,0,"2026-09-04 12:34:54"
2026-07-01,1025,1,1,100,3700.4800,2,75.5200,98,3700.4800,49,98,37.7600,0,0,0,"2026-09-04 12:34:54"
2026-07-01,1025,1,2,34,2706.6600,1,82.0200,33,2706.6600,16,33,82.0200,0,0,0,"2026-09-04 12:34:54"
2026-07-01,1025,1,3,52,2157.4800,0,0.0000,52,2157.4800,26,52,41.4900,1,52,0,"2026-09-04 12:34:54"
2026-07-01,1026,1,1,8,94.0800,0,0.0000,8,94.0800,4,8,11.7600,0,0,0,"2026-09-04 12:34:54"
2026-07-01,1026,1,2,70,7754.2200,1,112.3800,69,7754.2200,34,69,112.3800,0,0,0,"2026-09-04 12:34:54"
2026-07-01,1026,1,3,58,1842.0800,0,0.0000,58,1842.0800,29,58,31.7600,1,58,0,"2026-09-04 12:34:54"
2026-07-01,1027,1,1,208,32606.8400,6,968.5200,202,32606.8400,101,202,161.4200,0,0,0,"2026-09-04 12:34:54"
2026-07-01,1027,1,2,110,16534.3500,5,787.3500,105,16534.3500,52,105,157.4700,0,0,0,"2026-09-04 12:34:54"
2026-07-01,1027,1,3,34,3398.0100,1,102.9700,33,3398.0100,16,33,102.9700,0,0,0,"2026-09-04 12:34:54"
2026-07-01,1028,1,1,159,10614.4400,1,67.1800,158,10614.4400,79,158,67.1800,0,0,0,"2026-09-04 12:34:54"
2026-07-01,1028,1,2,129,25587.1500,0,0.0000,129,25587.1500,64,129,198.3500,0,0,0,"2026-09-04 12:34:54"
2026-07-01,1028,1,3,170,32786.8800,6,1199.5200,164,32786.8800,82,164,199.9200,0,0,0,"2026-09-04 12:34:54"
2026-07-01,1029,1,1,30,4925.4000,0,0.0000,30,4925.4000,15,30,164.1800,0,0,0,"2026-09-04 12:34:54"
2026-07-01,1029,1,2,27,5381.1000,0,0.0000,27,5381.1000,13,27,199.3000,0,0,0,"2026-09-04 12:34:54"
2026-07-01,1029,1,3,43,7251.9500,0,0.0000,43,7251.9500,21,43,168.6500,0,0,0,"2026-09-04 12:34:54"
2026-07-01,1030,1,1,148,17719.3800,1,120.5400,147,17719.3800,73,147,120.5400,0,0,0,"2026-09-04 12:34:54"
2026-07-01,1030,1,2,179,25348.1900,0,0.0000,179,25348.1900,89,179,141.6100,0,0,0,"2026-09-04 12:34:54"
2026-07-01,1030,1,3,31,3559.1100,0,0.0000,31,3559.1100,15,31,114.8100,0,0,0,"2026-09-04 12:34:54"
2026-07-01,1031,1,1,108,6918.6200,2,130.5400,106,6918.6200,53,106,65.2700,0,0,0,"2026-09-04 12:34:54"
2026-07-01,1031,1,2,77,3877.7200,0,0.0000,77,3877.7200,38,77,50.3600,0,0,0,"2026-09-04 12:34:54"
2026-07-01,1031,1,3,97,4118.9700,4,177.1600,93,4118.9700,46,93,44.2900,0,0,0,"2026-09-04 12:34:54"
2026-07-01,1032,1,1,162,28913.1200,5,920.8000,157,28913.1200,78,157,184.1600,0,0,0,"2026-09-04 12:34:54"
2026-07-01,1032,1,2,135,24269.5200,3,551.5800,132,24269.5200,66,132,183.8600,0,0,0,"2026-09-04 12:34:54"
2026-07-01,1032,1,3,101,16764.5100,4,691.3200,97,16764.5100,48,97,172.8300,0,0,0,"2026-09-04 12:34:54"
2026-07-01,1033,1,1,95,2321.8000,1,24.7000,94,2321.8000,47,94,24.7000,0,0,0,"2026-09-04 12:34:54"
2026-07-01,1033,1,2,146,5213.6600,0,0.0000,146,5213.6600,73,146,35.7100,0,0,0,"2026-09-04 12:34:54"
2026-07-01,1033,1,3,95,3585.2400,3,116.9100,92,3585.2400,46,92,38.9700,0,0,0,"2026-09-04 12:34:54"
2026-07-01,1034,1,1,74,13400.6400,2,372.2400,72,13400.6400,36,72,186.1200,0,0,0,"2026-09-04 12:34:54"
2026-07-01,1034,1,2,30,1944.9000,0,0.0000,30,1944.9000,15,30,64.8300,0,0,0,"2026-09-04 12:34:54"
2026-07-01,1034,1,3,104,15300.4800,0,0.0000,104,15300.4800,52,104,147.1200,0,0,0,"2026-09-04 12:34:54"
2026-07-01,1035,1,1,28,5216.6700,1,193.2100,27,5216.6700,13,27,193.2100,0,0,0,"2026-09-04 12:34:54"
2026-07-01,1035,1,2,344,61656.4000,10,1846.0000,334,61656.4000,167,334,184.6000,1,344,0,"2026-09-04 12:34:54"
2026-07-01,1035,1,3,179,5545.5300,8,259.4400,171,5545.5300,85,171,32.4300,0,0,0,"2026-09-04 12:34:54"
2026-07-01,1036,1,1,209,40687.9200,2,393.1200,207,40687.9200,103,207,196.5600,0,0,0,"2026-09-04 12:34:54"
2026-07-01,1036,1,2,52,6611.1300,1,129.6300,51,6611.1300,25,51,129.6300,0,0,0,"2026-09-04 12:34:54"
2026-07-01,1036,1,3,92,5104.8000,2,113.4400,90,5104.8000,45,90,56.7200,0,0,0,"2026-09-04 12:34:54"
2026-07-01,1037,1,1,33,173.2500,0,0.0000,33,173.2500,16,33,5.2500,0,0,0,"2026-09-04 12:34:54"
2026-07-01,1037,1,2,32,6013.0700,1,193.9700,31,6013.0700,15,31,193.9700,0,0,0,"2026-09-04 12:34:54"
2026-07-01,1037,1,3,107,2601.9000,2,49.5600,105,2601.9000,52,105,24.7800,0,0,0,"2026-09-04 12:34:54"
2026-07-01,1038,1,1,59,7520.5800,2,263.8800,57,7520.5800,28,57,131.9400,0,0,0,"2026-09-04 12:34:54"
2026-07-01,1038,1,2,19,1187.6900,0,0.0000,19,1187.6900,9,19,62.5100,0,0,0,"2026-09-04 12:34:54"
2026-07-01,1038,1,3,54,1012.4400,2,38.9400,52,1012.4400,26,52,19.4700,0,0,0,"2026-09-04 12:34:54"
2026-07-01,1039,1,1,111,19454.0400,3,540.3900,108,19454.0400,54,108,180.1300,0,0,0,"2026-09-04 12:34:54"
2026-07-01,1039,1,2,178,21566.1800,5,623.3000,173,21566.1800,86,173,124.6600,1,178,0,"2026-09-04 12:34:54"
2026-07-01,1039,1,3,34,6069.0000,0,0.0000,34,6069.0000,17,34,178.5000,0,0,0,"2026-09-04 12:34:54"
2026-07-01,1040,1,1,83,3741.6400,0,0.0000,83,3741.6400,41,83,45.0800,0,0,0,"2026-09-04 12:34:54"
2026-07-01,1040,1,2,13,737.4900,0,0.0000,13,737.4900,6,13,56.7300,0,0,0,"2026-09-04 12:34:54"
2026-07-01,1040,1,3,76,1115.6800,0,0.0000,76,1115.6800,38,76,14.6800,0,0,0,"2026-09-04 12:34:54"
2026-07-01,1041,1,1,194,16880.5800,3,265.1400,191,16880.5800,95,191,88.3800,0,0,0,"2026-09-04 12:34:54"
2026-07-01,1041,1,2,158,18672.1200,5,610.2000,153,18672.1200,76,153,122.0400,0,0,0,"2026-09-04 12:34:54"
2026-07-01,1041,1,3,176,3650.5200,2,41.9600,174,3650.5200,87,174,20.9800,0,0,0,"2026-09-04 12:34:54"
2026-07-01,1042,1,1,46,3795.4600,0,0.0000,46,3795.4600,23,46,82.5100,0,0,0,"2026-09-04 12:34:54"
2026-07-01,1042,1,2,141,5664.9000,3,123.1500,138,5664.9000,69,138,41.0500,0,0,0,"2026-09-04 12:34:54"
2026-07-01,1042,1,3,167,15076.5200,3,275.7900,164,15076.5200,82,164,91.9300,0,0,0,"2026-09-04 12:34:54"
2026-07-01,1043,1,1,160,2689.1600,2,34.0400,158,2689.1600,79,158,17.0200,0,0,0,"2026-09-04 12:34:54"
2026-07-01,1043,1,2,129,2713.7500,4,86.8400,125,2713.7500,62,125,21.7100,0,0,0,"2026-09-04 12:34:54"
2026-07-01,1043,1,3,9,1016.5500,0,0.0000,9,1016.5500,4,9,112.9500,0,0,0,"2026-09-04 12:34:54"
2026-07-01,1044,1,1,165,13774.1700,6,519.7800,159,13774.1700,79,159,86.6300,0,0,0,"2026-09-04 12:34:54"
2026-07-01,1044,1,2,120,11255.0500,5,489.3500,115,11255.0500,57,115,97.8700,0,0,0,"2026-09-04 12:34:54"
2026-07-01,1044,1,3,145,20056.3100,6,865.7400,139,20056.3100,69,139,144.2900,1,145,0,"2026-09-04 12:34:54"
2026-07-01,1045,1,1,44,5415.8500,1,125.9500,43,5415.8500,21,43,125.9500,0,0,0,"2026-09-04 12:34:54"
2026-07-01,1045,1,2,112,4180.6800,4,154.8400,108,4180.6800,54,108,38.7100,0,0,0,"2026-09-04 12:34:54"
2026-07-01,1045,1,3,132,11557.9200,0,0.0000,132,11557.9200,66,132,87.5600,0,0,0,"2026-09-04 12:34:54"
2026-07-01,1046,1,1,67,13165.0200,1,199.4700,66,13165.0200,33,66,199.4700,0,0,0,"2026-09-04 12:34:54"
2026-07-01,1046,1,2,108,19059.0400,4,733.0400,104,19059.0400,52,104,183.2600,0,0,0,"2026-09-04 12:34:54"
2026-07-01,1046,1,3,28,2309.4400,0,0.0000,28,2309.4400,14,28,82.4800,1,28,0,"2026-09-04 12:34:54"
2026-07-01,1047,1,1,163,24707.2800,7,1108.6600,156,24707.2800,78,156,158.3800,0,0,0,"2026-09-04 12:34:54"
2026-07-01,1047,1,2,135,11460.2400,3,260.4600,132,11460.2400,66,132,86.8200,0,0,0,"2026-09-04 12:34:54"
2026-07-01,1047,1,3,55,9976.1900,2,376.4600,53,9976.1900,26,53,188.2300,0,0,0,"2026-09-04 12:34:54"
2026-07-01,1048,1,1,148,3555.3600,4,98.7600,144,3555.3600,72,144,24.6900,0,0,0,"2026-09-04 12:34:54"
2026-07-01,1048,1,2,21,1673.4900,0,0.0000,21,1673.4900,10,21,79.6900,0,0,0,"2026-09-04 12:34:54"
2026-07-01,1048,1,3,171,2043.4600,5,61.5500,166,2043.4600,83,166,12.3100,0,0,0,"2026-09-04 12:34:54"
2026-07-01,1049,1,1,48,590.3200,1,12.5600,47,590.3200,23,47,12.5600,0,0,0,"2026-09-04 12:34:54"
2026-07-01,1049,1,2,75,3798.4200,1,51.3300,74,3798.4200,37,74,51.3300,0,0,0,"2026-09-04 12:34:54"
2026-07-01,1049,1,3,104,17096.5600,0,0.0000,104,17096.5600,52,104,164.3900,0,0,0,"2026-09-04 12:34:54"
2026-07-01,1050,1,1,179,17853.9900,2,201.7400,177,17853.9900,88,177,100.8700,0,0,0,"2026-09-04 12:34:54"
2026-07-01,1050,1,2,176,34119.7500,1,194.9700,175,34119.7500,87,175,194.9700,0,0,0,"2026-09-04 12:34:54"
2026-07-01,1050,1,3,125,6904.8000,5,287.7000,120,6904.8000,60,120,57.5400,0,0,0,"2026-09-04 12:34:54"
2026-07-02,1001,1,1,165,27169.8800,1,165.6700,164,27169.8800,82,164,165.6700,0,0,0,"2026-09-04 12:34:54"
2026-07-02,1001,1,2,112,18802.8000,4,696.4000,108,18802.8000,54,108,174.1000,0,0,0,"2026-09-04 12:34:54"
2026-07-02,1001,1,3,172,17651.1000,2,207.6600,170,17651.1000,85,170,103.8300,0,0,0,"2026-09-04 12:34:54"
2026-07-02,1002,1,1,123,20823.4600,5,882.3500,118,20823.4600,59,118,176.4700,0,0,0,"2026-09-04 12:34:54"
2026-07-02,1002,1,2,278,14324.5500,11,590.1500,267,14324.5500,133,267,53.6500,1,278,0,"2026-09-04 12:34:54"
2026-07-02,1002,1,3,39,5411.2000,1,142.4000,38,5411.2000,19,38,142.4000,0,0,0,"2026-09-04 12:34:54"
2026-07-02,1003,1,1,135,3819.9600,4,116.6400,131,3819.9600,65,131,29.1600,0,0,0,"2026-09-04 12:34:54"
2026-07-02,1003,1,2,295,35043.6000,5,604.2000,290,35043.6000,145,290,120.8400,1,295,0,"2026-09-04 12:34:54"
2026-07-02,1003,1,3,160,5828.6200,2,73.7800,158,5828.6200,79,158,36.8900,0,0,0,"2026-09-04 12:34:54"
2026-07-02,1004,1,1,169,22710.7900,6,835.9800,163,22710.7900,81,163,139.3300,0,0,0,"2026-09-04 12:34:54"
2026-07-02,1004,1,2,155,29167.1600,4,772.6400,151,29167.1600,75,151,193.1600,0,0,0,"2026-09-04 12:34:54"
2026-07-02,1004,1,3,96,12754.9500,3,411.4500,93,12754.9500,46,93,137.1500,0,0,0,"2026-09-04 12:34:54"
2026-07-02,1005,1,1,128,19180.3200,4,618.7200,124,19180.3200,62,124,154.6800,0,0,0,"2026-09-04 12:34:54"
2026-07-02,1005,1,2,123,15486.3200,5,656.2000,118,15486.3200,59,118,131.2400,1,123,0,"2026-09-04 12:34:54"
2026-07-02,1005,1,3,199,12330.9600,8,516.4800,191,12330.9600,95,191,64.5600,0,0,0,"2026-09-04 12:34:54"
2026-07-02,1006,1,1,158,13408.9200,5,438.2000,153,13408.9200,76,153,87.6400,0,0,0,"2026-09-04 12:34:54"
2026-07-02,1006,1,2,164,22065.0500,3,411.1500,161,22065.0500,80,161,137.0500,0,0,0,"2026-09-04 12:34:54"
2026-07-02,1006,1,3,153,3742.5000,3,74.8500,150,3742.5000,75,150,24.9500,0,0,0,"2026-09-04 12:34:54"
2026-07-02,1007,1,1,108,13910.3800,2,262.4600,106,13910.3800,53,106,131.2300,0,0,0,"2026-09-04 12:34:54"
2026-07-02,1007,1,2,145,3729.4400,2,52.1600,143,3729.4400,71,143,26.0800,0,0,0,"2026-09-04 12:34:54"
2026-07-02,1007,1,3,180,9674.1600,7,391.4400,173,9674.1600,86,173,55.9200,1,180,0,"2026-09-04 12:34:54"
2026-07-02,1008,1,1,55,3352.7800,2,126.5200,53,3352.7800,26,53,63.2600,0,0,0,"2026-09-04 12:34:54"
2026-07-02,1008,1,2,154,23896.0800,6,968.7600,148,23896.0800,74,148,161.4600,0,0,0,"2026-09-04 12:34:54"
2026-07-02,1008,1,3,106,14188.2500,3,413.2500,103,14188.2500,51,103,137.7500,0,0,0,"2026-09-04 12:34:54"
2026-07-02,1009,1,1,153,13166.2400,1,86.6200,152,13166.2400,76,152,86.6200,0,0,0,"2026-09-04 12:34:54"
2026-07-02,1009,1,2,93,13305.5100,0,0.0000,93,13305.5100,46,93,143.0700,0,0,0,"2026-09-04 12:34:54"
2026-07-02,1009,1,3,61,6664.2500,0,0.0000,61,6664.2500,30,61,109.2500,0,0,0,"2026-09-04 12:34:54"
2026-07-02,1010,1,1,80,10472.7700,3,408.0300,77,10472.7700,38,77,136.0100,0,0,0,"2026-09-04 12:34:54"
2026-07-02,1010,1,2,49,1895.0400,2,80.6400,47,1895.0400,23,47,40.3200,0,0,0,"2026-09-04 12:34:54"
2026-07-02,1010,1,3,35,1940.4000,0,0.0000,35,1940.4000,17,35,55.4400,1,35,0,"2026-09-04 12:34:54"
2026-07-02,1011,1,1,48,3311.1500,1,70.4500,47,3311.1500,23,47,70.4500,0,0,0,"2026-09-04 12:34:54"
2026-07-02,1011,1,2,126,18614.8800,2,300.2400,124,18614.8800,62,124,150.1200,1,126,0,"2026-09-04 12:34:54"
2026-07-02,1011,1,3,26,1620.8400,0,0.0000,26,1620.8400,13,26,62.3400,0,0,0,"2026-09-04 12:34:54"
2026-07-02,1012,1,1,140,23831.1500,3,521.8500,137,23831.1500,68,137,173.9500,0,0,0,"2026-09-04 12:34:54"
2026-07-02,1012,1,2,194,19081.7400,8,820.7200,186,19081.7400,93,186,102.5900,0,0,0,"2026-09-04 12:34:54"
2026-07-02,1012,1,3,116,7202.5200,2,126.3600,114,7202.5200,57,114,63.1800,0,0,0,"2026-09-04 12:34:54"
2026-07-02,1013,1,1,329,27641.5400,3,254.3700,326,27641.5400,163,326,84.7900,1,329,0,"2026-09-04 12:34:54"
2026-07-02,1013,1,2,142,12815.2800,6,565.3800,136,12815.2800,68,136,94.2300,0,0,0,"2026-09-04 12:34:54"
2026-07-02,1013,1,3,64,8067.1500,1,128.0500,63,8067.1500,31,63,128.0500,0,0,0,"2026-09-04 12:34:54"
2026-07-02,1014,1,1,110,633.4400,3,17.7600,107,633.4400,53,107,5.9200,0,0,0,"2026-09-04 12:34:54"
2026-07-02,1014,1,2,33,3215.0400,1,100.4700,32,3215.0400,16,32,100.4700,0,0,0,"2026-09-04 12:34:54"
2026-07-02,1014,1,3,128,15976.9600,0,0.0000,128,15976.9600,64,128,124.8200,0,0,0,"2026-09-04 12:34:54"
2026-07-02,1015,1,1,90,1100.0400,1,12.3600,89,1100.0400,44,89,12.3600,0,0,0,"2026-09-04 12:34:54"
2026-07-02,1015,1,2,189,1441.5000,3,23.2500,186,1441.5000,93,186,7.7500,0,0,0,"2026-09-04 12:34:54"
2026-07-02,1015,1,3,43,5342.4000,1,127.2000,42,5342.4000,21,42,127.2000,0,0,0,"2026-09-04 12:34:54"
2026-07-02,1016,1,1,29,2020.2000,1,72.1500,28,2020.2000,14,28,72.1500,0,0,0,"2026-09-04 12:34:54"
2026-07-02,1016,1,2,128,21037.5500,1,165.6500,127,21037.5500,63,127,165.6500,0,0,0,"2026-09-04 12:34:54"
2026-07-02,1016,1,3,174,25271.9600,2,293.8600,172,25271.9600,86,172,146.9300,0,0,0,"2026-09-04 12:34:54"
2026-07-02,1017,1,1,68,4668.9500,3,215.4900,65,4668.9500,32,65,71.8300,0,0,0,"2026-09-04 12:34:54"
2026-07-02,1017,1,2,168,6887.1000,3,125.2200,165,6887.1000,82,165,41.7400,0,0,0,"2026-09-04 12:34:54"
2026-07-02,1017,1,3,78,11450.4000,0,0.0000,78,11450.4000,39,78,146.8000,0,0,0,"2026-09-04 12:34:54"
2026-07-02,1018,1,1,102,11879.0100,3,359.9700,99,11879.0100,49,99,119.9900,0,0,0,"2026-09-04 12:34:54"
2026-07-02,1018,1,2,111,19528.2300,0,0.0000,111,19528.2300,55,111,175.9300,0,0,0,"2026-09-04 12:34:54"
2026-07-02,1018,1,3,106,1504.8800,2,28.9400,104,1504.8800,52,104,14.4700,0,0,0,"2026-09-04 12:34:54"
2026-07-02,1019,1,1,160,22320.0000,0,0.0000,160,22320.0000,80,160,139.5000,0,0,0,"2026-09-04 12:34:54"
2026-07-02,1019,1,2,25,2793.0000,0,0.0000,25,2793.0000,12,25,111.7200,0,0,0,"2026-09-04 12:34:54"
2026-07-02,1019,1,3,93,5798.5200,2,127.4400,91,5798.5200,45,91,63.7200,0,0,0,"2026-09-04 12:34:54"
2026-07-02,1020,1,1,182,10146.4000,6,345.9000,176,10146.4000,88,176,57.6500,0,0,0,"2026-09-04 12:34:54"
2026-07-02,1020,1,2,16,2322.5600,0,0.0000,16,2322.5600,8,16,145.1600,0,0,0,"2026-09-04 12:34:54"
2026-07-02,1020,1,3,191,4886.8000,1,25.7200,190,4886.8000,95,190,25.7200,0,0,0,"2026-09-04 12:34:54"
2026-07-02,1021,1,1,159,6871.1500,4,177.3200,155,6871.1500,77,155,44.3300,0,0,0,"2026-09-04 12:34:54"
2026-07-02,1021,1,2,195,2447.2400,2,25.3600,193,2447.2400,96,193,12.6800,0,0,0,"2026-09-04 12:34:54"
2026-07-02,1021,1,3,172,940.1000,2,11.0600,170,940.1000,85,170,5.5300,0,0,0,"2026-09-04 12:34:54"
2026-07-02,1022,1,1,204,32734.6500,9,1510.8300,195,32734.6500,97,195,167.8700,0,0,0,"2026-09-04 12:34:54"
2026-07-02,1022,1,2,118,16800.3500,3,438.2700,115,16800.3500,57,115,146.0900,0,0,0,"2026-09-04 12:34:54"
2026-07-02,1022,1,3,137,6810.8800,1,50.0800,136,6810.8800,68,136,50.0800,0,0,0,"2026-09-04 12:34:54"
2026-07-02,1023,1,1,178,6954.4600,0,0.0000,178,6954.4600,89,178,39.0700,0,0,0,"2026-09-04 12:34:54"
2026-07-02,1023,1,2,91,14517.9000,1,161.3100,90,14517.9000,45,90,161.3100,1,91,0,"2026-09-04 12:34:54"
2026-07-02,1023,1,3,15,209.2500,0,0.0000,15,209.2500,7,15,13.9500,0,0,0,"2026-09-04 12:34:54"
2026-07-02,1024,1,1,170,6311.2500,5,191.2500,165,6311.2500,82,165,38.2500,0,0,0,"2026-09-04 12:34:54"
2026-07-02,1024,1,2,35,786.4200,1,23.1300,34,786.4200,17,34,23.1300,0,0,0,"2026-09-04 12:34:54"
2026-07-02,1024,1,3,38,3159.7000,0,0.0000,38,3159.7000,19,38,83.1500,0,0,0,"2026-09-04 12:34:54"
2026-07-02,1025,1,1,100,15454.0800,4,643.9200,96,15454.0800,48,96,160.9800,0,0,0,"2026-09-04 12:34:54"
2026-07-02,1025,1,2,38,1000.8500,1,27.0500,37,1000.8500,18,37,27.0500,0,0,0,"2026-09-04 12:34:54"
2026-07-02,1025,1,3,38,3272.9400,0,0.0000,38,3272.9400,19,38,86.1300,0,0,0,"2026-09-04 12:34:54"
2026-07-02,1026,1,1,12,1647.4800,0,0.0000,12,1647.4800,6,12,137.2900,0,0,0,"2026-09-04 12:34:54"
2026-07-02,1026,1,2,64,8862.0800,0,0.0000,64,8862.0800,32,64,138.4700,0,0,0,"2026-09-04 12:34:54"
2026-07-02,1026,1,3,29,853.4400,1,30.4800,28,853.4400,14,28,30.4800,0,0,0,"2026-09-04 12:34:54"
2026-07-02,1027,1,1,206,11538.0600,0,0.0000,206,11538.0600,103,206,56.0100,0,0,0,"2026-09-04 12:34:54"
2026-07-02,1027,1,2,126,16738.4000,4,548.8000,122,16738.4000,61,122,137.2000,0,0,0,"2026-09-04 12:34:54"
2026-07-02,1027,1,3,34,4475.4600,1,135.6200,33,4475.4600,16,33,135.6200,0,0,0,"2026-09-04 12:34:54"
2026-07-02,1028,1,1,156,21524.7200,4,566.4400,152,21524.7200,76,152,141.6100,0,0,0,"2026-09-04 12:34:54"
2026-07-02,1028,1,2,223,30113.6000,3,410.6400,220,30113.6000,110,220,136.8800,1,223,0,"2026-09-04 12:34:54"
2026-07-02,1028,1,3,176,19245.7200,7,797.1600,169,19245.7200,84,169,113.8800,0,0,0,"2026-09-04 12:34:54"
2026-07-02,1029,1,1,31,5286.1200,0,0.0000,31,5286.1200,15,31,170.5200,0,0,0,"2026-09-04 12:34:54"
2026-07-02,1029,1,2,25,470.4000,1,19.6000,24,470.4000,12,24,19.6000,0,0,0,"2026-09-04 12:34:54"
2026-07-02,1029,1,3,37,1791.9100,0,0.0000,37,1791.9100,18,37,48.4300,0,0,0,"2026-09-04 12:34:54"
2026-07-02,1030,1,1,201,10011.5400,4,203.2800,197,10011.5400,98,197,50.8200,0,0,0,"2026-09-04 12:34:54"
2026-07-02,1030,1,2,193,17053.3000,8,737.4400,185,17053.3000,92,185,92.1800,0,0,0,"2026-09-04 12:34:54"
2026-07-02,1030,1,3,38,5031.5800,0,0.0000,38,5031.5800,19,38,132.4100,0,0,0,"2026-09-04 12:34:54"
2026-07-02,1031,1,1,78,1772.1600,0,0.0000,78,1772.1600,39,78,22.7200,0,0,0,"2026-09-04 12:34:54"
2026-07-02,1031,1,2,84,5280.8000,2,128.8000,82,5280.8000,41,82,64.4000,0,0,0,"2026-09-04 12:34:54"
2026-07-02,1031,1,3,101,7357.4500,4,303.4000,97,7357.4500,48,97,75.8500,0,0,0,"2026-09-04 12:34:54"
2026-07-02,1032,1,1,351,32579.7600,3,280.8600,348,32579.7600,174,348,93.6200,1,351,0,"2026-09-04 12:34:54"
2026-07-02,1032,1,2,127,17785.8000,4,578.4000,123,17785.8000,61,123,144.6000,0,0,0,"2026-09-04 12:34:54"
2026-07-02,1032,1,3,92,4293.3600,3,144.7200,89,4293.3600,44,89,48.2400,0,0,0,"2026-09-04 12:34:54"
2026-07-02,1033,1,1,126,13348.7500,1,106.7900,125,13348.7500,62,125,106.7900,0,0,0,"2026-09-04 12:34:54"
2026-07-02,1033,1,2,101,3738.0100,0,0.0000,101,3738.0100,50,101,37.0100,0,0,0,"2026-09-04 12:34:54"
2026-07-02,1033,1,3,85,10550.2000,0,0.0000,85,10550.2000,42,85,124.1200,0,0,0,"2026-09-04 12:34:54"
2026-07-02,1034,1,1,83,6528.8000,3,244.8300,80,6528.8000,40,80,81.6100,0,0,0,"2026-09-04 12:34:54"
2026-07-02,1034,1,2,30,2574.6000,0,0.0000,30,2574.6000,15,30,85.8200,0,0,0,"2026-09-04 12:34:54"
2026-07-02,1034,1,3,77,8866.6800,3,359.4600,74,8866.6800,37,74,119.8200,0,0,0,"2026-09-04 12:34:54"
2026-07-02,1035,1,1,17,531.2500,0,0.0000,17,531.2500,8,17,31.2500,0,0,0,"2026-09-04 12:34:54"
2026-07-02,1035,1,2,180,2546.7200,4,57.8800,176,2546.7200,88,176,14.4700,0,0,0,"2026-09-04 12:34:54"
2026-07-02,1035,1,3,184,33233.4000,4,738.5200,180,33233.4000,90,180,184.6300,0,0,0,"2026-09-04 12:34:54"
2026-07-02,1036,1,1,178,25508.8500,5,737.2500,173,25508.8500,86,173,147.4500,0,0,0,"2026-09-04 12:34:54"
2026-07-02,1036,1,2,42,4235.3000,1,103.3000,41,4235.3000,20,41,103.3000,0,0,0,"2026-09-04 12:34:54"
2026-07-02,1036,1,3,103,17992.8000,5,918.0000,98,17992.8000,49,98,183.6000,0,0,0,"2026-09-04 12:34:54"
2026-07-02,1037,1,1,27,2425.8000,1,93.3000,26,2425.8000,13,26,93.3000,0,0,0,"2026-09-04 12:34:54"
2026-07-02,1037,1,2,45,6367.5000,0,0.0000,45,6367.5000,22,45,141.5000,0,0,0,"2026-09-04 12:34:54"
2026-07-02,1037,1,3,112,15532.5600,4,575.2800,108,15532.5600,54,108,143.8200,0,0,0,"2026-09-04 12:34:54"
2026-07-02,1038,1,1,70,3003.5600,2,88.3400,68,3003.5600,34,68,44.1700,0,0,0,"2026-09-04 12:34:54"
2026-07-02,1038,1,2,17,3338.1200,0,0.0000,17,3338.1200,8,17,196.3600,0,0,0,"2026-09-04 12:34:54"
2026-07-02,1038,1,3,58,5782.5600,2,206.5200,56,5782.5600,28,56,103.2600,0,0,0,"2026-09-04 12:34:54"
2026-07-02,1039,1,1,121,11741.7300,2,197.3400,119,11741.7300,59,119,98.6700,0,0,0,"2026-09-04 12:34:54"
2026-07-02,1039,1,2,86,7258.4400,2,172.8200,84,7258.4400,42,84,86.4100,0,0,0,"2026-09-04 12:34:54"
2026-07-02,1039,1,3,25,3902.8800,1,162.6200,24,3902.8800,12,24,162.6200,0,0,0,"2026-09-04 12:34:54"
2026-07-02,1040,1,1,72,2400.4800,0,0.0000,72,2400.4800,36,72,33.3400,0,0,0,"2026-09-04 12:34:54"
2026-07-02,1040,1,2,18,1096.0200,0,0.0000,18,1096.0200,9,18,60.8900,0,0,0,"2026-09-04 12:34:54"
2026-07-02,1040,1,3,106,14246.3400,4,558.6800,102,14246.3400,51,102,139.6700,0,0,0,"2026-09-04 12:34:54"
2026-07-02,1041,1,1,190,4571.3400,7,174.8600,183,4571.3400,91,183,24.9800,0,0,0,"2026-09-04 12:34:54"
2026-07-02,1041,1,2,161,27087.8400,5,868.2000,156,27087.8400,78,156,173.6400,0,0,0,"2026-09-04 12:34:54"
2026-07-02,1041,1,3,160,24758.5800,6,964.6200,154,24758.5800,77,154,160.7700,0,0,0,"2026-09-04 12:34:54"
2026-07-02,1042,1,1,44,7983.3800,1,185.6600,43,7983.3800,21,43,185.6600,0,0,0,"2026-09-04 12:34:54"
2026-07-02,1042,1,2,175,19490.1800,2,225.3200,173,19490.1800,86,173,112.6600,0,0,0,"2026-09-04 12:34:54"
2026-07-02,1042,1,3,330,41079.2600,4,504.0400,326,41079.2600,163,326,126.0100,1,330,0,"2026-09-04 12:34:54"
2026-07-02,1043,1,1,186,25347.2000,8,1139.2000,178,25347.2000,89,178,142.4000,0,0,0,"2026-09-04 12:34:54"
2026-07-02,1043,1,2,112,12051.7200,4,446.3600,108,12051.7200,54,108,111.5900,0,0,0,"2026-09-04 12:34:54"
2026-07-02,1043,1,3,22,871.2000,0,0.0000,22,871.2000,11,22,39.6000,0,0,0,"2026-09-04 12:34:54"
2026-07-02,1044,1,1,141,5444.6000,1,38.8900,140,5444.6000,70,140,38.8900,0,0,0,"2026-09-04 12:34:54"
2026-07-02,1044,1,2,103,3066.3600,2,60.7200,101,3066.3600,50,101,30.3600,0,0,0,"2026-09-04 12:34:54"
2026-07-02,1044,1,3,84,5765.1800,1,69.4600,83,5765.1800,41,83,69.4600,0,0,0,"2026-09-04 12:34:54"
2026-07-02,1045,1,1,37,552.0400,0,0.0000,37,552.0400,18,37,14.9200,0,0,0,"2026-09-04 12:34:54"
2026-07-02,1045,1,2,129,16892.8200,3,402.2100,126,16892.8200,63,126,134.0700,0,0,0,"2026-09-04 12:34:54"
2026-07-02,1045,1,3,104,6698.0000,4,267.9200,100,6698.0000,50,100,66.9800,0,0,0,"2026-09-04 12:34:54"
2026-07-02,1046,1,1,66,1207.1400,0,0.0000,66,1207.1400,33,66,18.2900,0,0,0,"2026-09-04 12:34:54"
2026-07-02,1046,1,2,94,4524.2200,0,0.0000,94,4524.2200,47,94,48.1300,0,0,0,"2026-09-04 12:34:54"
2026-07-02,1046,1,3,18,1356.4800,0,0.0000,18,1356.4800,9,18,75.3600,0,0,0,"2026-09-04 12:34:54"
2026-07-02,1047,1,1,166,26167.9600,8,1324.9600,158,26167.9600,79,158,165.6200,0,0,0,"2026-09-04 12:34:54"
2026-07-02,1047,1,2,109,14762.9600,0,0.0000,109,14762.9600,54,109,135.4400,0,0,0,"2026-09-04 12:34:54"
2026-07-02,1047,1,3,58,10942.8600,1,191.9800,57,10942.8600,28,57,191.9800,0,0,0,"2026-09-04 12:34:54"
2026-07-02,1048,1,1,126,22767.6400,2,367.2200,124,22767.6400,62,124,183.6100,0,0,0,"2026-09-04 12:34:54"
2026-07-02,1048,1,2,21,3836.9100,0,0.0000,21,3836.9100,10,21,182.7100,0,0,0,"2026-09-04 12:34:54"
2026-07-02,1048,1,3,184,29240.5500,3,484.6500,181,29240.5500,90,181,161.5500,0,0,0,"2026-09-04 12:34:54"
2026-07-02,1049,1,1,56,5891.7600,0,0.0000,56,5891.7600,28,56,105.2100,0,0,0,"2026-09-04 12:34:54"
2026-07-02,1049,1,2,71,13594.3700,0,0.0000,71,13594.3700,35,71,191.4700,0,0,0,"2026-09-04 12:34:54"
2026-07-02,1049,1,3,90,13558.9500,3,467.5500,87,13558.9500,43,87,155.8500,0,0,0,"2026-09-04 12:34:54"
2026-07-02,1050,1,1,194,4801.3000,4,101.0800,190,4801.3000,95,190,25.2700,0,0,0,"2026-09-04 12:34:54"
2026-07-02,1050,1,2,146,18482.2800,5,655.4000,141,18482.2800,70,141,131.0800,0,0,0,"2026-09-04 12:34:54"
2026-07-02,1050,1,3,85,2868.3600,3,104.9400,82,2868.3600,41,82,34.9800,0,0,0,"2026-09-04 12:34:54"
2026-07-03,1001,1,1,168,26858.1600,0,0.0000,168,26858.1600,84,168,159.8700,0,0,0,"2026-09-04 12:34:54"
2026-07-03,1001,1,2,122,5877.4100,3,148.1700,119,5877.4100,59,119,49.3900,0,0,0,"2026-09-04 12:34:54"
2026-07-03,1001,1,3,165,1342.9800,3,24.8700,162,1342.9800,81,162,8.2900,0,0,0,"2026-09-04 12:34:54"
2026-07-03,1002,1,1,134,17040.4800,3,390.2400,131,17040.4800,65,131,130.0800,0,0,0,"2026-09-04 12:34:54"
2026-07-03,1002,1,2,134,2489.5000,4,76.6000,130,2489.5000,65,130,19.1500,0,0,0,"2026-09-04 12:34:54"
2026-07-03,1002,1,3,22,3485.6800,0,0.0000,22,3485.6800,11,22,158.4400,0,0,0,"2026-09-04 12:34:54"
2026-07-03,1003,1,1,145,11651.1000,3,246.1500,142,11651.1000,71,142,82.0500,0,0,0,"2026-09-04 12:34:54"
2026-07-03,1003,1,2,168,17989.9500,3,327.0900,165,17989.9500,82,165,109.0300,0,0,0,"2026-09-04 12:34:54"
2026-07-03,1003,1,3,132,24797.6700,3,576.6900,129,24797.6700,64,129,192.2300,0,0,0,"2026-09-04 12:34:54"
2026-07-03,1004,1,1,198,35185.9200,6,1099.5600,192,35185.9200,96,192,183.2600,0,0,0,"2026-09-04 12:34:54"
2026-07-03,1004,1,2,159,17166.8800,7,790.5800,152,17166.8800,76,152,112.9400,0,0,0,"2026-09-04 12:34:54"
2026-07-03,1004,1,3,83,496.3400,0,0.0000,83,496.3400,41,83,5.9800,0,0,0,"2026-09-04 12:34:54"
2026-07-03,1005,1,1,103,15393.8400,1,150.9200,102,15393.8400,51,102,150.9200,0,0,0,"2026-09-04 12:34:54"
2026-07-03,1005,1,2,56,4786.3200,0,0.0000,56,4786.3200,28,56,85.4700,0,0,0,"2026-09-04 12:34:54"
2026-07-03,1005,1,3,180,30032.6200,1,167.7800,179,30032.6200,89,179,167.7800,0,0,0,"2026-09-04 12:34:54"
2026-07-03,1006,1,1,157,25105.0800,1,160.9300,156,25105.0800,78,156,160.9300,0,0,0,"2026-09-04 12:34:54"
2026-07-03,1006,1,2,188,16996.0500,9,854.5500,179,16996.0500,89,179,94.9500,0,0,0,"2026-09-04 12:34:54"
2026-07-03,1006,1,3,123,2213.0800,1,18.1400,122,2213.0800,61,122,18.1400,0,0,0,"2026-09-04 12:34:54"
2026-07-03,1007,1,1,237,7020.0000,3,90.0000,234,7020.0000,117,234,30.0000,1,237,0,"2026-09-04 12:34:54"
2026-07-03,1007,1,2,152,19123.1200,0,0.0000,152,19123.1200,76,152,125.8100,0,0,0,"2026-09-04 12:34:54"
2026-07-03,1007,1,3,76,4781.1400,2,129.2200,74,4781.1400,37,74,64.6100,0,0,0,"2026-09-04 12:34:54"
2026-07-03,1008,1,1,63,4716.9600,1,76.0800,62,4716.9600,31,62,76.0800,0,0,0,"2026-09-04 12:34:54"
2026-07-03,1008,1,2,150,7181.8000,1,48.2000,149,7181.8000,74,149,48.2000,0,0,0,"2026-09-04 12:34:54"
2026-07-03,1008,1,3,131,21777.7800,2,337.6400,129,21777.7800,64,129,168.8200,0,0,0,"2026-09-04 12:34:54"
2026-07-03,1009,1,1,176,12891.4000,4,299.8000,172,12891.4000,86,172,74.9500,0,0,0,"2026-09-04 12:34:54"
2026-07-03,1009,1,2,103,3967.2800,2,78.5600,101,3967.2800,50,101,39.2800,0,0,0,"2026-09-04 12:34:54"
2026-07-03,1009,1,3,65,7151.9500,0,0.0000,65,7151.9500,32,65,110.0300,0,0,0,"2026-09-04 12:34:54"
2026-07-03,1010,1,1,54,1035.3200,2,39.8200,52,1035.3200,26,52,19.9100,0,0,0,"2026-09-04 12:34:54"
2026-07-03,1010,1,2,94,11136.1800,0,0.0000,94,11136.1800,47,94,118.4700,1,94,0,"2026-09-04 12:34:54"
2026-07-03,1010,1,3,23,4179.7900,0,0.0000,23,4179.7900,11,23,181.7300,0,0,0,"2026-09-04 12:34:54"
2026-07-03,1011,1,1,23,3591.6800,0,0.0000,23,3591.6800,11,23,156.1600,0,0,0,"2026-09-04 12:34:54"
2026-07-03,1011,1,2,58,9023.0600,0,0.0000,58,9023.0600,29,58,155.5700,0,0,0,"2026-09-04 12:34:54"
2026-07-03,1011,1,3,23,1894.5100,0,0.0000,23,1894.5100,11,23,82.3700,0,0,0,"2026-09-04 12:34:54"
2026-07-03,1012,1,1,164,27087.2400,5,851.8000,159,27087.2400,79,159,170.3600,0,0,0,"2026-09-04 12:34:54"
2026-07-03,1012,1,2,183,16469.7900,4,368.0400,179,16469.7900,89,179,92.0100,0,0,0,"2026-09-04 12:34:54"
2026-07-03,1012,1,3,113,14427.7200,5,667.9500,108,14427.7200,54,108,133.5900,0,0,0,"2026-09-04 12:34:54"
2026-07-03,1013,1,1,160,7531.8600,2,95.3400,158,7531.8600,79,158,47.6700,0,0,0,"2026-09-04 12:34:54"
2026-07-03,1013,1,2,134,10323.3600,0,0.0000,134,10323.3600,67,134,77.0400,0,0,0,"2026-09-04 12:34:54"
2026-07-03,1013,1,3,142,13522.6000,2,193.1800,140,13522.6000,70,140,96.5900,1,142,0,"2026-09-04 12:34:54"
2026-07-03,1014,1,1,153,30021.6600,0,0.0000,153,30021.6600,76,153,196.2200,0,0,0,"2026-09-04 12:34:54"
2026-07-03,1014,1,2,31,5034.0000,1,167.8000,30,5034.0000,15,30,167.8000,0,0,0,"2026-09-04 12:34:54"
2026-07-03,1014,1,3,122,4629.1000,3,116.7000,119,4629.1000,59,119,38.9000,0,0,0,"2026-09-04 12:34:54"
2026-07-03,1015,1,1,102,10363.5000,4,423.0000,98,10363.5000,49,98,105.7500,0,0,0,"2026-09-04 12:34:54"
2026-07-03,1015,1,2,184,18601.4400,8,845.5200,176,18601.4400,88,176,105.6900,0,0,0,"2026-09-04 12:34:54"
2026-07-03,1015,1,3,45,5404.0800,1,122.8200,44,5404.0800,22,44,122.8200,0,0,0,"2026-09-04 12:34:54"
2026-07-03,1016,1,1,28,1044.1200,0,0.0000,28,1044.1200,14,28,37.2900,0,0,0,"2026-09-04 12:34:54"
2026-07-03,1016,1,2,272,20420.1000,2,151.2600,270,20420.1000,135,270,75.6300,1,272,0,"2026-09-04 12:34:54"
2026-07-03,1016,1,3,156,7787.5200,0,0.0000,156,7787.5200,78,156,49.9200,0,0,0,"2026-09-04 12:34:54"
2026-07-03,1017,1,1,76,3456.7500,1,46.0900,75,3456.7500,37,75,46.0900,0,0,0,"2026-09-04 12:34:54"
2026-07-03,1017,1,2,133,1200.6400,5,46.9000,128,1200.6400,64,128,9.3800,0,0,0,"2026-09-04 12:34:54"
2026-07-03,1017,1,3,135,1655.8400,4,50.5600,131,1655.8400,65,131,12.6400,1,135,0,"2026-09-04 12:34:54"
2026-07-03,1018,1,1,105,5812.8000,0,0.0000,105,5812.8000,52,105,55.3600,0,0,0,"2026-09-04 12:34:54"
2026-07-03,1018,1,2,136,1147.7900,3,25.8900,133,1147.7900,66,133,8.6300,0,0,0,"2026-09-04 12:34:54"
2026-07-03,1018,1,3,92,5364.0300,3,180.8100,89,5364.0300,44,89,60.2700,0,0,0,"2026-09-04 12:34:54"
2026-07-03,1019,1,1,285,10444.9800,12,459.1200,273,10444.9800,136,273,38.2600,1,285,0,"2026-09-04 12:34:54"
2026-07-03,1019,1,2,38,5918.1500,1,159.9500,37,5918.1500,18,37,159.9500,0,0,0,"2026-09-04 12:34:54"
2026-07-03,1019,1,3,90,13013.5800,1,146.2200,89,13013.5800,44,89,146.2200,0,0,0,"2026-09-04 12:34:54"
2026-07-03,1020,1,1,183,21510.4300,4,480.6800,179,21510.4300,89,179,120.1700,0,0,0,"2026-09-04 12:34:54"
2026-07-03,1020,1,2,10,1726.2000,0,0.0000,10,1726.2000,5,10,172.6200,0,0,0,"2026-09-04 12:34:54"
2026-07-03,1020,1,3,177,5943.8400,3,102.4800,174,5943.8400,87,174,34.1600,0,0,0,"2026-09-04 12:34:54"
2026-07-03,1021,1,1,287,45302.9500,0,0.0000,287,45302.9500,143,287,157.8500,1,287,0,"2026-09-04 12:34:54"
2026-07-03,1021,1,2,187,18421.4400,1,99.0400,186,18421.4400,93,186,99.0400,0,0,0,"2026-09-04 12:34:54"
2026-07-03,1021,1,3,145,21697.9000,6,936.6000,139,21697.9000,69,139,156.1000,0,0,0,"2026-09-04 12:34:54"
2026-07-03,1022,1,1,159,11969.1000,4,308.8800,155,11969.1000,77,155,77.2200,0,0,0,"2026-09-04 12:34:54"
2026-07-03,1022,1,2,221,33858.4800,8,1271.6800,213,33858.4800,106,213,158.9600,1,221,0,"2026-09-04 12:34:54"
2026-07-03,1022,1,3,131,19144.9600,3,448.7100,128,19144.9600,64,128,149.5700,0,0,0,"2026-09-04 12:34:54"
2026-07-03,1023,1,1,180,17549.1600,1,98.0400,179,17549.1600,89,179,98.0400,0,0,0,"2026-09-04 12:34:54"
2026-07-03,1023,1,2,38,2228.8800,1,60.2400,37,2228.8800,18,37,60.2400,0,0,0,"2026-09-04 12:34:54"
2026-07-03,1023,1,3,13,2066.2200,0,0.0000,13,2066.2200,6,13,158.9400,0,0,0,"2026-09-04 12:34:54"
2026-07-03,1024,1,1,180,1145.6000,1,6.4000,179,1145.6000,89,179,6.4000,0,0,0,"2026-09-04 12:34:54"
2026-07-03,1024,1,2,41,1442.3800,0,0.0000,41,1442.3800,20,41,35.1800,0,0,0,"2026-09-04 12:34:54"
2026-07-03,1024,1,3,30,5151.6000,0,0.0000,30,5151.6000,15,30,171.7200,0,0,0,"2026-09-04 12:34:54"
2026-07-03,1025,1,1,96,14156.4600,3,456.6600,93,14156.4600,46,93,152.2200,0,0,0,"2026-09-04 12:34:54"
2026-07-03,1025,1,2,36,3467.8000,1,99.0800,35,3467.8000,17,35,99.0800,0,0,0,"2026-09-04 12:34:54"
2026-07-03,1025,1,3,23,1659.4500,0,0.0000,23,1659.4500,11,23,72.1500,0,0,0,"2026-09-04 12:34:54"
2026-07-03,1026,1,1,9,1545.4800,0,0.0000,9,1545.4800,4,9,171.7200,0,0,0,"2026-09-04 12:34:54"
2026-07-03,1026,1,2,69,2448.8500,2,73.1000,67,2448.8500,33,67,36.5500,0,0,0,"2026-09-04 12:34:54"
2026-07-03,1026,1,3,20,1420.0000,0,0.0000,20,1420.0000,10,20,71.0000,0,0,0,"2026-09-04 12:34:54"
2026-07-03,1027,1,1,188,36107.8300,1,193.0900,187,36107.8300,93,187,193.0900,0,0,0,"2026-09-04 12:34:54"
2026-07-03,1027,1,2,215,7168.1000,0,0.0000,215,7168.1000,107,215,33.3400,1,215,0,"2026-09-04 12:34:54"
2026-07-03,1027,1,3,39,803.7900,0,0.0000,39,803.7900,19,39,20.6100,0,0,0,"2026-09-04 12:34:54"
2026-07-03,1028,1,1,330,63818.2800,6,1181.8200,324,63818.2800,162,324,196.9700,1,330,0,"2026-09-04 12:34:54"
2026-07-03,1028,1,2,98,18183.3600,2,378.8200,96,18183.3600,48,96,189.4100,0,0,0,"2026-09-04 12:34:54"
2026-07-03,1028,1,3,182,16036.2000,5,453.0000,177,16036.2000,88,177,90.6000,0,0,0,"2026-09-04 12:34:54"
2026-07-03,1029,1,1,20,231.0000,0,0.0000,20,231.0000,10,20,11.5500,0,0,0,"2026-09-04 12:34:54"
2026-07-03,1029,1,2,15,752.7000,0,0.0000,15,752.7000,7,15,50.1800,0,0,0,"2026-09-04 12:34:54"
2026-07-03,1029,1,3,41,1463.7000,0,0.0000,41,1463.7000,20,41,35.7000,0,0,0,"2026-09-04 12:34:54"
2026-07-03,1030,1,1,169,12039.1800,6,443.1600,163,12039.1800,81,163,73.8600,0,0,0,"2026-09-04 12:34:54"
2026-07-03,1030,1,2,174,3087.8400,6,110.2800,168,3087.8400,84,168,18.3800,0,0,0,"2026-09-04 12:34:54"
2026-07-03,1030,1,3,86,14178.0000,1,166.8000,85,14178.0000,42,85,166.8000,1,86,0,"2026-09-04 12:34:54"
2026-07-03,1031,1,1,74,8996.5200,1,123.2400,73,8996.5200,36,73,123.2400,0,0,0,"2026-09-04 12:34:54"
2026-07-03,1031,1,2,97,10891.2300,4,468.4400,93,10891.2300,46,93,117.1100,0,0,0,"2026-09-04 12:34:54"
2026-07-03,1031,1,3,94,5863.7200,0,0.0000,94,5863.7200,47,94,62.3800,0,0,0,"2026-09-04 12:34:54"
2026-07-03,1032,1,1,166,30649.6000,6,1149.3600,160,30649.6000,80,160,191.5600,0,0,0,"2026-09-04 12:34:54"
2026-07-03,1032,1,2,142,26686.4400,4,773.5200,138,26686.4400,69,138,193.3800,0,0,0,"2026-09-04 12:34:54"
2026-07-03,1032,1,3,87,12827.6400,3,458.1300,84,12827.6400,42,84,152.7100,0,0,0,"2026-09-04 12:34:54"
2026-07-03,1033,1,1,101,1022.6700,2,20.6600,99,1022.6700,49,99,10.3300,0,0,0,"2026-09-04 12:34:54"
2026-07-03,1033,1,2,130,16712.8000,0,0.0000,130,16712.8000,65,130,128.5600,0,0,0,"2026-09-04 12:34:54"
2026-07-03,1033,1,3,85,16070.0400,1,191.3100,84,16070.0400,42,84,191.3100,0,0,0,"2026-09-04 12:34:54"
2026-07-03,1034,1,1,92,15388.8400,0,0.0000,92,15388.8400,46,92,167.2700,0,0,0,"2026-09-04 12:34:54"
2026-07-03,1034,1,2,35,674.2200,1,19.8300,34,674.2200,17,34,19.8300,0,0,0,"2026-09-04 12:34:54"
2026-07-03,1034,1,3,99,7172.1800,2,147.8800,97,7172.1800,48,97,73.9400,0,0,0,"2026-09-04 12:34:54"
2026-07-03,1035,1,1,22,4013.6800,0,0.0000,22,4013.6800,11,22,182.4400,0,0,0,"2026-09-04 12:34:54"
2026-07-03,1035,1,2,206,30275.6400,2,296.8200,204,30275.6400,102,204,148.4100,0,0,0,"2026-09-04 12:34:54"
2026-07-03,1035,1,3,178,22110.8800,2,251.2600,176,22110.8800,88,176,125.6300,0,0,0,"2026-09-04 12:34:54"
2026-07-03,1036,1,1,200,36703.5600,1,184.4400,199,36703.5600,99,199,184.4400,0,0,0,"2026-09-04 12:34:54"
2026-07-03,1036,1,2,44,4755.3700,1,110.5900,43,4755.3700,21,43,110.5900,0,0,0,"2026-09-04 12:34:54"
2026-07-03,1036,1,3,173,21299.0700,4,504.1200,169,21299.0700,84,169,126.0300,1,173,0,"2026-09-04 12:34:54"
2026-07-03,1037,1,1,41,4028.4000,1,100.7100,40,4028.4000,20,40,100.7100,0,0,0,"2026-09-04 12:34:54"
2026-07-03,1037,1,2,29,1670.2000,1,59.6500,28,1670.2000,14,28,59.6500,0,0,0,"2026-09-04 12:34:54"
2026-07-03,1037,1,3,114,10809.7000,4,393.0800,110,10809.7000,55,110,98.2700,0,0,0,"2026-09-04 12:34:54"
2026-07-03,1038,1,1,57,4579.1200,1,81.7700,56,4579.1200,28,56,81.7700,0,0,0,"2026-09-04 12:34:54"
2026-07-03,1038,1,2,24,2273.0400,0,0.0000,24,2273.0400,12,24,94.7100,0,0,0,"2026-09-04 12:34:54"
2026-07-03,1038,1,3,69,3180.9000,0,0.0000,69,3180.9000,34,69,46.1000,0,0,0,"2026-09-04 12:34:54"
2026-07-03,1039,1,1,116,12876.5500,1,111.9700,115,12876.5500,57,115,111.9700,0,0,0,"2026-09-04 12:34:54"
2026-07-03,1039,1,2,93,11334.0500,2,249.1000,91,11334.0500,45,91,124.5500,0,0,0,"2026-09-04 12:34:54"
2026-07-03,1039,1,3,19,1474.4000,0,0.0000,19,1474.4000,9,19,77.6000,0,0,0,"2026-09-04 12:34:54"
2026-07-03,1040,1,1,79,3126.2400,1,40.0800,78,3126.2400,39,78,40.0800,0,0,0,"2026-09-04 12:34:54"
2026-07-03,1040,1,2,13,749.3200,0,0.0000,13,749.3200,6,13,57.6400,0,0,0,"2026-09-04 12:34:54"
2026-07-03,1040,1,3,87,6817.2200,1,79.2700,86,6817.2200,43,86,79.2700,0,0,0,"2026-09-04 12:34:54"
2026-07-03,1041,1,1,197,7493.6000,7,276.0800,190,7493.6000,95,190,39.4400,0,0,0,"2026-09-04 12:34:54"
2026-07-03,1041,1,2,163,26447.6500,8,1365.0400,155,26447.6500,77,155,170.6300,0,0,0,"2026-09-04 12:34:54"
2026-07-03,1041,1,3,164,18568.4400,2,229.2400,162,18568.4400,81,162,114.6200,0,0,0,"2026-09-04 12:34:54"
2026-07-03,1042,1,1,34,4748.4400,0,0.0000,34,4748.4400,17,34,139.6600,0,0,0,"2026-09-04 12:34:54"
2026-07-03,1042,1,2,295,26517.9200,9,834.4800,286,26517.9200,143,286,92.7200,1,295,0,"2026-09-04 12:34:54"
2026-07-03,1042,1,3,158,17826.1200,2,228.5400,156,17826.1200,78,156,114.2700,0,0,0,"2026-09-04 12:34:54"
2026-07-03,1043,1,1,169,29255.5200,1,174.1400,168,29255.5200,84,168,174.1400,0,0,0,"2026-09-04 12:34:54"
2026-07-03,1043,1,2,130,15131.7000,1,117.3000,129,15131.7000,64,129,117.3000,0,0,0,"2026-09-04 12:34:54"
2026-07-03,1043,1,3,24,3270.4800,0,0.0000,24,3270.4800,12,24,136.2700,0,0,0,"2026-09-04 12:34:54"
2026-07-03,1044,1,1,195,33554.2400,7,1249.3600,188,33554.2400,94,188,178.4800,0,0,0,"2026-09-04 12:34:54"
2026-07-03,1044,1,2,108,4069.4400,0,0.0000,108,4069.4400,54,108,37.6800,0,0,0,"2026-09-04 12:34:54"
2026-07-03,1044,1,3,90,11400.9000,1,128.1000,89,11400.9000,44,89,128.1000,0,0,0,"2026-09-04 12:34:54"
2026-07-03,1045,1,1,37,1831.5000,0,0.0000,37,1831.5000,18,37,49.5000,0,0,0,"2026-09-04 12:34:54"
2026-07-03,1045,1,2,120,6802.0400,1,57.1600,119,6802.0400,59,119,57.1600,0,0,0,"2026-09-04 12:34:54"
2026-07-03,1045,1,3,111,8112.7400,4,303.2800,107,8112.7400,53,107,75.8200,0,0,0,"2026-09-04 12:34:54"
2026-07-03,1046,1,1,78,6429.7500,3,257.1900,75,6429.7500,37,75,85.7300,0,0,0,"2026-09-04 12:34:54"
2026-07-03,1046,1,2,121,22041.6300,4,753.5600,117,22041.6300,58,117,188.3900,0,0,0,"2026-09-04 12:34:54"
2026-07-03,1046,1,3,16,600.8000,0,0.0000,16,600.8000,8,16,37.5500,0,0,0,"2026-09-04 12:34:54"
2026-07-03,1047,1,1,190,1875.9000,5,50.7000,185,1875.9000,92,185,10.1400,0,0,0,"2026-09-04 12:34:54"
2026-07-03,1047,1,2,131,2674.9800,5,106.1500,126,2674.9800,63,126,21.2300,0,0,0,"2026-09-04 12:34:54"
2026-07-03,1047,1,3,55,3462.4900,2,130.6600,53,3462.4900,26,53,65.3300,0,0,0,"2026-09-04 12:34:54"
2026-07-03,1048,1,1,150,18819.6800,2,254.3200,148,18819.6800,74,148,127.1600,0,0,0,"2026-09-04 12:34:54"
2026-07-03,1048,1,2,26,4492.0200,0,0.0000,26,4492.0200,13,26,172.7700,0,0,0,"2026-09-04 12:34:54"
2026-07-03,1048,1,3,171,32585.0400,4,780.4800,167,32585.0400,83,167,195.1200,0,0,0,"2026-09-04 12:34:54"
2026-07-03,1049,1,1,42,5641.6000,2,282.0800,40,5641.6000,20,40,141.0400,0,0,0,"2026-09-04 12:34:54"
2026-07-03,1049,1,2,75,9347.6500,2,256.1000,73,9347.6500,36,73,128.0500,0,0,0,"2026-09-04 12:34:54"
2026-07-03,1049,1,3,76,4838.1200,2,130.7600,74,4838.1200,37,74,65.3800,0,0,0,"2026-09-04 12:34:54"
2026-07-03,1050,1,1,187,29469.4400,5,809.6000,182,29469.4400,91,182,161.9200,0,0,0,"2026-09-04 12:34:54"
2026-07-03,1050,1,2,149,737.9400,2,10.0400,147,737.9400,73,147,5.0200,0,0,0,"2026-09-04 12:34:54"
2026-07-03,1050,1,3,119,8214.8400,5,360.3000,114,8214.8400,57,114,72.0600,0,0,0,"2026-09-04 12:34:54"
2026-07-04,1001,1,1,237,22154.7800,11,1078.3300,226,22154.7800,113,226,98.0300,0,0,0,"2026-09-04 12:34:54"
2026-07-04,1001,1,2,285,17331.4800,6,372.7200,279,17331.4800,139,279,62.1200,1,285,0,"2026-09-04 12:34:54"
2026-07-04,1001,1,3,230,25834.0600,4,457.2400,226,25834.0600,113,226,114.3100,0,0,0,"2026-09-04 12:34:54"
2026-07-04,1002,1,1,149,22013.5200,1,148.7400,148,22013.5200,74,148,148.7400,0,0,0,"2026-09-04 12:34:54"
2026-07-04,1002,1,2,153,7756.5000,3,155.1300,150,7756.5000,75,150,51.7100,0,0,0,"2026-09-04 12:34:54"
2026-07-04,1002,1,3,39,6174.2400,1,162.4800,38,6174.2400,19,38,162.4800,0,0,0,"2026-09-04 12:34:54"
2026-07-04,1003,1,1,150,12314.8800,6,513.1200,144,12314.8800,72,144,85.5200,0,0,0,"2026-09-04 12:34:54"
2026-07-04,1003,1,2,210,12847.2300,1,61.4700,209,12847.2300,104,209,61.4700,0,0,0,"2026-09-04 12:34:54"
2026-07-04,1003,1,3,170,6867.3000,5,208.1000,165,6867.3000,82,165,41.6200,0,0,0,"2026-09-04 12:34:54"
2026-07-04,1004,1,1,427,46570.3200,1,109.3200,426,46570.3200,213,426,109.3200,1,427,0,"2026-09-04 12:34:54"
2026-07-04,1004,1,2,202,28624.0500,7,1027.5300,195,28624.0500,97,195,146.7900,0,0,0,"2026-09-04 12:34:54"
2026-07-04,1004,1,3,116,11745.0000,0,0.0000,116,11745.0000,58,116,101.2500,0,0,0,"2026-09-04 12:34:54"
2026-07-04,1005,1,1,147,13358.8000,7,667.9400,140,13358.8000,70,140,95.4200,0,0,0,"2026-09-04 12:34:54"
2026-07-04,1005,1,2,87,14576.1400,1,169.4900,86,14576.1400,43,86,169.4900,0,0,0,"2026-09-04 12:34:54"
2026-07-04,1005,1,3,251,24266.6800,0,0.0000,251,24266.6800,125,251,96.6800,0,0,0,"2026-09-04 12:34:54"
2026-07-04,1006,1,1,197,31064.0400,8,1314.8800,189,31064.0400,94,189,164.3600,0,0,0,"2026-09-04 12:34:54"
2026-07-04,1006,1,2,221,34030.4100,2,310.7800,219,34030.4100,109,219,155.3900,0,0,0,"2026-09-04 12:34:54"
2026-07-04,1006,1,3,190,2109.9900,7,80.7100,183,2109.9900,91,183,11.5300,0,0,0,"2026-09-04 12:34:54"
2026-07-04,1007,1,1,145,13413.6000,7,680.4000,138,13413.6000,69,138,97.2000,0,0,0,"2026-09-04 12:34:54"
2026-07-04,1007,1,2,183,12308.0000,2,136.0000,181,12308.0000,90,181,68.0000,0,0,0,"2026-09-04 12:34:54"
2026-07-04,1007,1,3,119,6310.4000,3,163.2000,116,6310.4000,58,116,54.4000,0,0,0,"2026-09-04 12:34:54"
2026-07-04,1008,1,1,72,12821.0400,0,0.0000,72,12821.0400,36,72,178.0700,0,0,0,"2026-09-04 12:34:54"
2026-07-04,1008,1,2,183,12153.8400,5,341.4000,178,12153.8400,89,178,68.2800,0,0,0,"2026-09-04 12:34:54"
2026-07-04,1008,1,3,163,4561.1300,2,56.6600,161,4561.1300,80,161,28.3300,0,0,0,"2026-09-04 12:34:54"
2026-07-04,1009,1,1,219,20610.4800,8,781.4400,211,20610.4800,105,211,97.6800,0,0,0,"2026-09-04 12:34:54"
2026-07-04,1009,1,2,151,3345.0500,2,44.9000,149,3345.0500,74,149,22.4500,0,0,0,"2026-09-04 12:34:54"
2026-07-04,1009,1,3,78,14955.7500,3,598.2300,75,14955.7500,37,75,199.4100,0,0,0,"2026-09-04 12:34:54"
2026-07-04,1010,1,1,88,11500.7200,0,0.0000,88,11500.7200,44,88,130.6900,0,0,0,"2026-09-04 12:34:54"
2026-07-04,1010,1,2,51,10017.9300,0,0.0000,51,10017.9300,25,51,196.4300,0,0,0,"2026-09-04 12:34:54"
2026-07-04,1010,1,3,24,3889.9200,0,0.0000,24,3889.9200,12,24,162.0800,0,0,0,"2026-09-04 12:34:54"
2026-07-04,1011,1,1,61,1876.2000,1,31.2700,60,1876.2000,30,60,31.2700,0,0,0,"2026-09-04 12:34:54"
2026-07-04,1011,1,2,93,8218.2100,2,180.6200,91,8218.2100,45,91,90.3100,0,0,0,"2026-09-04 12:34:54"
2026-07-04,1011,1,3,28,2038.1200,0,0.0000,28,2038.1200,14,28,72.7900,0,0,0,"2026-09-04 12:34:54"
2026-07-04,1012,1,1,172,28408.7000,2,334.2200,170,28408.7000,85,170,167.1100,0,0,0,"2026-09-04 12:34:54"
2026-07-04,1012,1,2,222,13847.8600,1,62.6600,221,13847.8600,110,221,62.6600,0,0,0,"2026-09-04 12:34:54"
2026-07-04,1012,1,3,140,709.3200,2,10.2800,138,709.3200,69,138,5.1400,0,0,0,"2026-09-04 12:34:54"
2026-07-04,1013,1,1,187,32178.9600,0,0.0000,187,32178.9600,93,187,172.0800,0,0,0,"2026-09-04 12:34:54"
2026-07-04,1013,1,2,183,26353.6000,2,291.2000,181,26353.6000,90,181,145.6000,0,0,0,"2026-09-04 12:34:54"
2026-07-04,1013,1,3,72,7243.4200,1,102.0200,71,7243.4200,35,71,102.0200,0,0,0,"2026-09-04 12:34:54"
2026-07-04,1014,1,1,153,10118.5900,4,271.6400,149,10118.5900,74,149,67.9100,0,0,0,"2026-09-04 12:34:54"
2026-07-04,1014,1,2,45,7553.7000,0,0.0000,45,7553.7000,22,45,167.8600,0,0,0,"2026-09-04 12:34:54"
2026-07-04,1014,1,3,173,7372.0600,7,310.8700,166,7372.0600,83,166,44.4100,0,0,0,"2026-09-04 12:34:54"
2026-07-04,1015,1,1,147,18793.8900,6,799.7400,141,18793.8900,70,141,133.2900,0,0,0,"2026-09-04 12:34:54"
2026-07-04,1015,1,2,214,11366.3700,7,384.3700,207,11366.3700,103,207,54.9100,0,0,0,"2026-09-04 12:34:54"
2026-07-04,1015,1,3,47,2056.5000,2,91.4000,45,2056.5000,22,45,45.7000,0,0,0,"2026-09-04 12:34:54"
2026-07-04,1016,1,1,38,761.8300,1,20.5900,37,761.8300,18,37,20.5900,0,0,0,"2026-09-04 12:34:54"
2026-07-04,1016,1,2,183,15069.2500,8,688.8800,175,15069.2500,87,175,86.1100,0,0,0,"2026-09-04 12:34:54"
2026-07-04,1016,1,3,202,32293.9500,7,1159.2700,195,32293.9500,97,195,165.6100,0,0,0,"2026-09-04 12:34:54"
2026-07-04,1017,1,1,97,18163.2000,1,189.2000,96,18163.2000,48,96,189.2000,0,0,0,"2026-09-04 12:34:54"
2026-07-04,1017,1,2,177,25914.5700,0,0.0000,177,25914.5700,88,177,146.4100,0,0,0,"2026-09-04 12:34:54"
2026-07-04,1017,1,3,89,11170.7200,1,126.9400,88,11170.7200,44,88,126.9400,0,0,0,"2026-09-04 12:34:54"
2026-07-04,1018,1,1,142,11776.5200,5,429.8000,137,11776.5200,68,137,85.9600,0,0,0,"2026-09-04 12:34:54"
2026-07-04,1018,1,2,139,18321.9200,3,404.1600,136,18321.9200,68,136,134.7200,0,0,0,"2026-09-04 12:34:54"
2026-07-04,1018,1,3,107,4299.2600,0,0.0000,107,4299.2600,53,107,40.1800,0,0,0,"2026-09-04 12:34:54"
2026-07-04,1019,1,1,199,17364.1000,9,822.5100,190,17364.1000,95,190,91.3900,0,0,0,"2026-09-04 12:34:54"
2026-07-04,1019,1,2,42,8330.2800,0,0.0000,42,8330.2800,21,42,198.3400,0,0,0,"2026-09-04 12:34:54"
2026-07-04,1019,1,3,90,13042.0600,1,146.5400,89,13042.0600,44,89,146.5400,0,0,0,"2026-09-04 12:34:54"
2026-07-04,1020,1,1,216,9811.2000,6,280.3200,210,9811.2000,105,210,46.7200,0,0,0,"2026-09-04 12:34:54"
2026-07-04,1020,1,2,16,1476.1600,0,0.0000,16,1476.1600,8,16,92.2600,0,0,0,"2026-09-04 12:34:54"
2026-07-04,1020,1,3,202,38352.6000,7,1376.7600,195,38352.6000,97,195,196.6800,0,0,0,"2026-09-04 12:34:54"
2026-07-04,1021,1,1,144,9026.9400,2,127.1400,142,9026.9400,71,142,63.5700,0,0,0,"2026-09-04 12:34:54"
2026-07-04,1021,1,2,216,1910.6100,9,83.0700,207,1910.6100,103,207,9.2300,0,0,0,"2026-09-04 12:34:54"
2026-07-04,1021,1,3,193,21334.2400,5,567.4000,188,21334.2400,94,188,113.4800,0,0,0,"2026-09-04 12:34:54"
2026-07-04,1022,1,1,199,2447.2800,1,12.3600,198,2447.2800,99,198,12.3600,0,0,0,"2026-09-04 12:34:54"
2026-07-04,1022,1,2,146,7161.0600,4,201.7200,142,7161.0600,71,142,50.4300,0,0,0,"2026-09-04 12:34:54"
2026-07-04,1022,1,3,168,13937.2800,0,0.0000,168,13937.2800,84,168,82.9600,0,0,0,"2026-09-04 12:34:54"
2026-07-04,1023,1,1,217,8092.4800,8,309.7600,209,8092.4800,104,209,38.7200,0,0,0,"2026-09-04 12:34:54"
2026-07-04,1023,1,2,38,4342.6900,1,117.3700,37,4342.6900,18,37,117.3700,0,0,0,"2026-09-04 12:34:54"
2026-07-04,1023,1,3,16,1878.0800,0,0.0000,16,1878.0800,8,16,117.3800,0,0,0,"2026-09-04 12:34:54"
2026-07-04,1024,1,1,412,63840.6300,1,155.3300,411,63840.6300,205,411,155.3300,1,412,0,"2026-09-04 12:34:54"
2026-07-04,1024,1,2,55,9254.3300,2,349.2200,53,9254.3300,26,53,174.6100,0,0,0,"2026-09-04 12:34:54"
2026-07-04,1024,1,3,35,4163.3000,1,122.4500,34,4163.3000,17,34,122.4500,0,0,0,"2026-09-04 12:34:54"
2026-07-04,1025,1,1,247,3179.3200,3,39.0900,244,3179.3200,122,244,13.0300,1,247,0,"2026-09-04 12:34:54"
2026-07-04,1025,1,2,33,3398.0100,0,0.0000,33,3398.0100,16,33,102.9700,0,0,0,"2026-09-04 12:34:54"
2026-07-04,1025,1,3,41,3767.9000,0,0.0000,41,3767.9000,20,41,91.9000,0,0,0,"2026-09-04 12:34:54"
2026-07-04,1026,1,1,13,628.0300,0,0.0000,13,628.0300,6,13,48.3100,0,0,0,"2026-09-04 12:34:54"
2026-07-04,1026,1,2,80,9314.4000,0,0.0000,80,9314.4000,40,80,116.4300,0,0,0,"2026-09-04 12:34:54"
2026-07-04,1026,1,3,64,1360.1700,1,21.5900,63,1360.1700,31,63,21.5900,1,64,0,"2026-09-04 12:34:54"
2026-07-04,1027,1,1,236,26804.1000,1,114.0600,235,26804.1000,117,235,114.0600,0,0,0,"2026-09-04 12:34:54"
2026-07-04,1027,1,2,136,5707.6800,4,172.9600,132,5707.6800,66,132,43.2400,0,0,0,"2026-09-04 12:34:54"
2026-07-04,1027,1,3,49,7667.0300,0,0.0000,49,7667.0300,24,49,156.4700,0,0,0,"2026-09-04 12:34:54"
2026-07-04,1028,1,1,186,3999.6600,8,179.7600,178,3999.6600,89,178,22.4700,0,0,0,"2026-09-04 12:34:54"
2026-07-04,1028,1,2,128,15222.0600,2,241.6200,126,15222.0600,63,126,120.8100,0,0,0,"2026-09-04 12:34:54"
2026-07-04,1028,1,3,453,88322.7300,6,1185.5400,447,88322.7300,223,447,197.5900,1,453,0,"2026-09-04 12:34:54"
2026-07-04,1029,1,1,35,481.2500,0,0.0000,35,481.2500,17,35,13.7500,0,0,0,"2026-09-04 12:34:54"
2026-07-04,1029,1,2,27,2103.3000,0,0.0000,27,2103.3000,13,27,77.9000,0,0,0,"2026-09-04 12:34:54"
2026-07-04,1029,1,3,46,8741.8400,0,0.0000,46,8741.8400,23,46,190.0400,0,0,0,"2026-09-04 12:34:54"
2026-07-04,1030,1,1,194,30676.9800,8,1319.4400,186,30676.9800,93,186,164.9300,0,0,0,"2026-09-04 12:34:54"
2026-07-04,1030,1,2,450,4153.6000,10,94.4000,440,4153.6000,220,440,9.4400,1,450,0,"2026-09-04 12:34:54"
2026-07-04,1030,1,3,51,2237.0000,1,44.7400,50,2237.0000,25,50,44.7400,0,0,0,"2026-09-04 12:34:54"
2026-07-04,1031,1,1,106,3353.6800,3,97.6800,103,3353.6800,51,103,32.5600,0,0,0,"2026-09-04 12:34:54"
2026-07-04,1031,1,2,105,12462.4500,0,0.0000,105,12462.4500,52,105,118.6900,0,0,0,"2026-09-04 12:34:54"
2026-07-04,1031,1,3,123,19384.5800,1,158.8900,122,19384.5800,61,122,158.8900,0,0,0,"2026-09-04 12:34:54"
2026-07-04,1032,1,1,197,26137.9600,0,0.0000,197,26137.9600,98,197,132.6800,0,0,0,"2026-09-04 12:34:54"
2026-07-04,1032,1,2,317,40650.8800,13,1738.3600,304,40650.8800,152,304,133.7200,1,317,0,"2026-09-04 12:34:54"
2026-07-04,1032,1,3,125,21768.7500,0,0.0000,125,21768.7500,62,125,174.1500,0,0,0,"2026-09-04 12:34:54"
2026-07-04,1033,1,1,136,3174.6000,6,146.5200,130,3174.6000,65,130,24.4200,0,0,0,"2026-09-04 12:34:54"
2026-07-04,1033,1,2,164,17058.0500,7,760.5500,157,17058.0500,78,157,108.6500,0,0,0,"2026-09-04 12:34:54"
2026-07-04,1033,1,3,95,836.2900,4,36.7600,91,836.2900,45,91,9.1900,0,0,0,"2026-09-04 12:34:54"
2026-07-04,1034,1,1,118,8055.7500,3,210.1500,115,8055.7500,57,115,70.0500,0,0,0,"2026-09-04 12:34:54"
2026-07-04,1034,1,2,37,4696.0400,0,0.0000,37,4696.0400,18,37,126.9200,0,0,0,"2026-09-04 12:34:54"
2026-07-04,1034,1,3,118,11609.6200,5,513.7000,113,11609.6200,56,113,102.7400,0,0,0,"2026-09-04 12:34:54"
2026-07-04,1035,1,1,21,3441.9000,0,0.0000,21,3441.9000,10,21,163.9000,0,0,0,"2026-09-04 12:34:54"
2026-07-04,1035,1,2,390,22663.2000,10,596.4000,380,22663.2000,190,380,59.6400,1,390,0,"2026-09-04 12:34:54"
2026-07-04,1035,1,3,228,18053.3100,1,79.5300,227,18053.3100,113,227,79.5300,0,0,0,"2026-09-04 12:34:54"
2026-07-04,1036,1,1,217,26792.7800,6,761.8800,211,26792.7800,105,211,126.9800,0,0,0,"2026-09-04 12:34:54"
2026-07-04,1036,1,2,60,10579.2000,2,364.8000,58,10579.2000,29,58,182.4000,0,0,0,"2026-09-04 12:34:54"
2026-07-04,1036,1,3,120,5302.4400,3,135.9600,117,5302.4400,58,117,45.3200,0,0,0,"2026-09-04 12:34:54"
2026-07-04,1037,1,1,25,1566.0000,1,65.2500,24,1566.0000,12,24,65.2500,0,0,0,"2026-09-04 12:34:54"
2026-07-04,1037,1,2,34,1066.5800,0,0.0000,34,1066.5800,17,34,31.3700,0,0,0,"2026-09-04 12:34:54"
2026-07-04,1037,1,3,148,26105.2800,6,1103.0400,142,26105.2800,71,142,183.8400,0,0,0,"2026-09-04 12:34:54"
2026-07-04,1038,1,1,70,13108.6200,1,189.9800,69,13108.6200,34,69,189.9800,0,0,0,"2026-09-04 12:34:54"
2026-07-04,1038,1,2,18,2776.6800,0,0.0000,18,2776.6800,9,18,154.2600,0,0,0,"2026-09-04 12:34:54"
2026-07-04,1038,1,3,77,6474.4400,1,85.1900,76,6474.4400,38,76,85.1900,0,0,0,"2026-09-04 12:34:54"
2026-07-04,1039,1,1,172,9575.9600,8,467.1200,164,9575.9600,82,164,58.3900,0,0,0,"2026-09-04 12:34:54"
2026-07-04,1039,1,2,89,3651.6700,0,0.0000,89,3651.6700,44,89,41.0300,0,0,0,"2026-09-04 12:34:54"
2026-07-04,1039,1,3,24,1200.7200,0,0.0000,24,1200.7200,12,24,50.0300,0,0,0,"2026-09-04 12:34:54"
2026-07-04,1040,1,1,89,6455.1600,3,225.1800,86,6455.1600,43,86,75.0600,0,0,0,"2026-09-04 12:34:54"
2026-07-04,1040,1,2,14,2013.7600,0,0.0000,14,2013.7600,7,14,143.8400,0,0,0,"2026-09-04 12:34:54"
2026-07-04,1040,1,3,111,10788.8100,4,403.3200,107,10788.8100,53,107,100.8300,0,0,0,"2026-09-04 12:34:54"
2026-07-04,1041,1,1,229,1752.5300,8,63.4400,221,1752.5300,110,221,7.9300,0,0,0,"2026-09-04 12:34:54"
2026-07-04,1041,1,2,201,29502.7200,4,599.0400,197,29502.7200,98,197,149.7600,0,0,0,"2026-09-04 12:34:54"
2026-07-04,1041,1,3,203,38256.8000,9,1774.8000,194,38256.8000,97,194,197.2000,0,0,0,"2026-09-04 12:34:54"
2026-07-04,1042,1,1,52,3485.8500,1,68.3500,51,3485.8500,25,51,68.3500,0,0,0,"2026-09-04 12:34:54"
2026-07-04,1042,1,2,173,25671.4700,0,0.0000,173,25671.4700,86,173,148.3900,0,0,0,"2026-09-04 12:34:54"
2026-07-04,1042,1,3,221,27084.3200,3,372.7200,218,27084.3200,109,218,124.2400,0,0,0,"2026-09-04 12:34:54"
2026-07-04,1043,1,1,189,28679.4500,8,1267.6000,181,28679.4500,90,181,158.4500,0,0,0,"2026-09-04 12:34:54"
2026-07-04,1043,1,2,145,23610.3400,3,498.8100,142,23610.3400,71,142,166.2700,0,0,0,"2026-09-04 12:34:54"
2026-07-04,1043,1,3,58,8456.5200,1,148.3600,57,8456.5200,28,57,148.3600,1,58,0,"2026-09-04 12:34:54"
2026-07-04,1044,1,1,209,26107.9200,5,639.9000,204,26107.9200,102,204,127.9800,0,0,0,"2026-09-04 12:34:54"
2026-07-04,1044,1,2,264,43261.4000,4,665.5600,260,43261.4000,130,260,166.3900,1,264,0,"2026-09-04 12:34:54"
2026-07-04,1044,1,3,103,12580.5600,2,249.1200,101,12580.5600,50,101,124.5600,0,0,0,"2026-09-04 12:34:54"
2026-07-04,1045,1,1,81,7260.2400,3,279.2400,78,7260.2400,39,78,93.0800,1,81,0,"2026-09-04 12:34:54"
2026-07-04,1045,1,2,148,23213.8000,0,0.0000,148,23213.8000,74,148,156.8500,0,0,0,"2026-09-04 12:34:54"
2026-07-04,1045,1,3,133,12172.5200,2,185.8400,131,12172.5200,65,131,92.9200,0,0,0,"2026-09-04 12:34:54"
2026-07-04,1046,1,1,79,11084.9200,2,287.9200,77,11084.9200,38,77,143.9600,0,0,0,"2026-09-04 12:34:54"
2026-07-04,1046,1,2,117,20554.7000,4,727.6000,113,20554.7000,56,113,181.9000,0,0,0,"2026-09-04 12:34:54"
2026-07-04,1046,1,3,20,581.8000,0,0.0000,20,581.8000,10,20,29.0900,0,0,0,"2026-09-04 12:34:54"
2026-07-04,1047,1,1,186,14541.8000,4,319.6000,182,14541.8000,91,182,79.9000,0,0,0,"2026-09-04 12:34:54"
2026-07-04,1047,1,2,151,28149.6000,3,570.6000,148,28149.6000,74,148,190.2000,0,0,0,"2026-09-04 12:34:54"
2026-07-04,1047,1,3,50,5532.9600,2,230.5400,48,5532.9600,24,48,115.2700,0,0,0,"2026-09-04 12:34:54"
2026-07-04,1048,1,1,178,30872.3400,1,174.4200,177,30872.3400,88,177,174.4200,0,0,0,"2026-09-04 12:34:54"
2026-07-04,1048,1,2,29,4491.5200,0,0.0000,29,4491.5200,14,29,154.8800,0,0,0,"2026-09-04 12:34:54"
2026-07-04,1048,1,3,194,5248.9600,6,167.5200,188,5248.9600,94,188,27.9200,0,0,0,"2026-09-04 12:34:54"
2026-07-04,1049,1,1,54,5099.7600,0,0.0000,54,5099.7600,27,54,94.4400,0,0,0,"2026-09-04 12:34:54"
2026-07-04,1049,1,2,92,550.8000,2,12.2400,90,550.8000,45,90,6.1200,0,0,0,"2026-09-04 12:34:54"
2026-07-04,1049,1,3,105,8752.9400,2,169.9600,103,8752.9400,51,103,84.9800,0,0,0,"2026-09-04 12:34:54"
2026-07-04,1050,1,1,494,25305.6000,14,738.0800,480,25305.6000,240,480,52.7200,1,494,0,"2026-09-04 12:34:54"
2026-07-04,1050,1,2,174,2428.1800,7,101.7800,167,2428.1800,83,167,14.5400,0,0,0,"2026-09-04 12:34:54"
2026-07-04,1050,1,3,125,1471.3600,4,48.6400,121,1471.3600,60,121,12.1600,0,0,0,"2026-09-04 12:34:54"
2026-07-05,1001,1,1,191,34866.7200,2,368.9600,189,34866.7200,94,189,184.4800,0,0,0,"2026-09-04 12:34:54"
2026-07-05,1001,1,2,255,9940.0000,5,198.8000,250,9940.0000,125,250,39.7600,1,255,0,"2026-09-04 12:34:54"
2026-07-05,1001,1,3,198,30594.3600,5,792.6000,193,30594.3600,96,193,158.5200,0,0,0,"2026-09-04 12:34:54"
2026-07-05,1002,1,1,136,15680.7000,3,353.7000,133,15680.7000,66,133,117.9000,0,0,0,"2026-09-04 12:34:54"
2026-07-05,1002,1,2,169,13095.7400,3,236.6700,166,13095.7400,83,166,78.8900,0,0,0,"2026-09-04 12:34:54"
2026-07-05,1002,1,3,75,8313.1600,1,112.3400,74,8313.1600,37,74,112.3400,1,75,0,"2026-09-04 12:34:54"
2026-07-05,1003,1,1,167,17783.7000,2,215.5600,165,17783.7000,82,165,107.7800,0,0,0,"2026-09-04 12:34:54"
2026-07-05,1003,1,2,204,24496.9500,7,870.4500,197,24496.9500,98,197,124.3500,0,0,0,"2026-09-04 12:34:54"
2026-07-05,1003,1,3,176,16684.0800,8,794.4800,168,16684.0800,84,168,99.3100,0,0,0,"2026-09-04 12:34:54"
2026-07-05,1004,1,1,198,37293.4800,9,1775.8800,189,37293.4800,94,189,197.3200,0,0,0,"2026-09-04 12:34:54"
2026-07-05,1004,1,2,183,35626.3700,4,796.1200,179,35626.3700,89,179,199.0300,0,0,0,"2026-09-04 12:34:54"
2026-07-05,1004,1,3,105,12044.5500,0,0.0000,105,12044.5500,52,105,114.7100,0,0,0,"2026-09-04 12:34:54"
2026-07-05,1005,1,1,146,17955.3500,1,123.8300,145,17955.3500,72,145,123.8300,0,0,0,"2026-09-04 12:34:54"
2026-07-05,1005,1,2,65,329.2200,3,15.9300,62,329.2200,31,62,5.3100,0,0,0,"2026-09-04 12:34:54"
2026-07-05,1005,1,3,446,68873.7600,18,2896.5600,428,68873.7600,214,428,160.9200,1,446,0,"2026-09-04 12:34:54"
2026-07-05,1006,1,1,184,12686.2900,3,210.2700,181,12686.2900,90,181,70.0900,0,0,0,"2026-09-04 12:34:54"
2026-07-05,1006,1,2,202,11984.0000,2,119.8400,200,11984.0000,100,200,59.9200,0,0,0,"2026-09-04 12:34:54"
2026-07-05,1006,1,3,173,17749.8000,2,207.6000,171,17749.8000,85,171,103.8000,0,0,0,"2026-09-04 12:34:54"
2026-07-05,1007,1,1,162,23401.6000,2,292.5200,160,23401.6000,80,160,146.2600,0,0,0,"2026-09-04 12:34:54"
2026-07-05,1007,1,2,201,7889.2500,0,0.0000,201,7889.2500,100,201,39.2500,0,0,0,"2026-09-04 12:34:54"
2026-07-05,1007,1,3,89,13639.1000,4,641.8400,85,13639.1000,42,85,160.4600,0,0,0,"2026-09-04 12:34:54"
2026-07-05,1008,1,1,77,9674.8000,1,127.3000,76,9674.8000,38,76,127.3000,0,0,0,"2026-09-04 12:34:54"
2026-07-05,1008,1,2,170,14058.0800,6,514.3200,164,14058.0800,82,164,85.7200,0,0,0,"2026-09-04 12:34:54"
2026-07-05,1008,1,3,154,9378.7600,6,380.2200,148,9378.7600,74,148,63.3700,0,0,0,"2026-09-04 12:34:54"
2026-07-05,1009,1,1,207,28427.3500,2,277.3400,205,28427.3500,102,205,138.6700,0,0,0,"2026-09-04 12:34:54"
2026-07-05,1009,1,2,165,11684.1000,7,517.6500,158,11684.1000,79,158,73.9500,0,0,0,"2026-09-04 12:34:54"
2026-07-05,1009,1,3,68,8266.0500,3,381.5100,65,8266.0500,32,65,127.1700,0,0,0,"2026-09-04 12:34:54"
2026-07-05,1010,1,1,83,6558.5700,2,161.9400,81,6558.5700,40,81,80.9700,0,0,0,"2026-09-04 12:34:54"
2026-07-05,1010,1,2,58,3714.4800,2,132.6600,56,3714.4800,28,56,66.3300,0,0,0,"2026-09-04 12:34:54"
2026-07-05,1010,1,3,45,4586.8500,0,0.0000,45,4586.8500,22,45,101.9300,1,45,0,"2026-09-04 12:34:54"
2026-07-05,1011,1,1,39,2494.0500,0,0.0000,39,2494.0500,19,39,63.9500,0,0,0,"2026-09-04 12:34:54"
2026-07-05,1011,1,2,86,13003.6100,3,470.0100,83,13003.6100,41,83,156.6700,0,0,0,"2026-09-04 12:34:54"
2026-07-05,1011,1,3,28,2870.2800,0,0.0000,28,2870.2800,14,28,102.5100,0,0,0,"2026-09-04 12:34:54"
2026-07-05,1012,1,1,182,25722.4200,8,1182.6400,174,25722.4200,87,174,147.8300,0,0,0,"2026-09-04 12:34:54"
2026-07-05,1012,1,2,229,36370.4000,9,1487.8800,220,36370.4000,110,220,165.3200,0,0,0,"2026-09-04 12:34:54"
2026-07-05,1012,1,3,135,4045.2800,4,123.5200,131,4045.2800,65,131,30.8800,0,0,0,"2026-09-04 12:34:54"
2026-07-05,1013,1,1,173,980.2000,4,23.2000,169,980.2000,84,169,5.8000,0,0,0,"2026-09-04 12:34:54"
2026-07-05,1013,1,2,182,21276.6400,6,725.3400,176,21276.6400,88,176,120.8900,0,0,0,"2026-09-04 12:34:54"
2026-07-05,1013,1,3,159,20692.5000,4,534.0000,155,20692.5000,77,155,133.5000,1,159,0,"2026-09-04 12:34:54"
2026-07-05,1014,1,1,156,10012.2400,4,263.4800,152,10012.2400,76,152,65.8700,0,0,0,"2026-09-04 12:34:54"
2026-07-05,1014,1,2,37,2487.5100,0,0.0000,37,2487.5100,18,37,67.2300,0,0,0,"2026-09-04 12:34:54"
2026-07-05,1014,1,3,170,5766.2800,1,34.1200,169,5766.2800,84,169,34.1200,0,0,0,"2026-09-04 12:34:54"
2026-07-05,1015,1,1,151,6701.4400,3,135.8400,148,6701.4400,74,148,45.2800,0,0,0,"2026-09-04 12:34:54"
2026-07-05,1015,1,2,205,6585.2000,3,97.8000,202,6585.2000,101,202,32.6000,0,0,0,"2026-09-04 12:34:54"
2026-07-05,1015,1,3,48,5980.3200,0,0.0000,48,5980.3200,24,48,124.5900,0,0,0,"2026-09-04 12:34:54"
2026-07-05,1016,1,1,44,1335.8400,0,0.0000,44,1335.8400,22,44,30.3600,0,0,0,"2026-09-04 12:34:54"
2026-07-05,1016,1,2,165,14546.4000,0,0.0000,165,14546.4000,82,165,88.1600,0,0,0,"2026-09-04 12:34:54"
2026-07-05,1016,1,3,189,22188.5600,5,602.9500,184,22188.5600,92,184,120.5900,0,0,0,"2026-09-04 12:34:54"
2026-07-05,1017,1,1,89,14467.2000,1,164.4000,88,14467.2000,44,88,164.4000,0,0,0,"2026-09-04 12:34:54"
2026-07-05,1017,1,2,158,16681.5900,5,545.1500,153,16681.5900,76,153,109.0300,0,0,0,"2026-09-04 12:34:54"
2026-07-05,1017,1,3,85,13898.3500,0,0.0000,85,13898.3500,42,85,163.5100,0,0,0,"2026-09-04 12:34:54"
2026-07-05,1018,1,1,116,10697.7600,2,187.6800,114,10697.7600,57,114,93.8400,0,0,0,"2026-09-04 12:34:54"
2026-07-05,1018,1,2,143,6906.8800,1,48.6400,142,6906.8800,71,142,48.6400,0,0,0,"2026-09-04 12:34:54"
2026-07-05,1018,1,3,103,18301.0000,3,549.0300,100,18301.0000,50,100,183.0100,0,0,0,"2026-09-04 12:34:54"
2026-07-05,1019,1,1,197,33643.3000,7,1239.4900,190,33643.3000,95,190,177.0700,0,0,0,"2026-09-04 12:34:54"
2026-07-05,1019,1,2,30,2930.7000,0,0.0000,30,2930.7000,15,30,97.6900,0,0,0,"2026-09-04 12:34:54"
2026-07-05,1019,1,3,96,11426.9100,3,368.6100,93,11426.9100,46,93,122.8700,0,0,0,"2026-09-04 12:34:54"
2026-07-05,1020,1,1,201,32884.0000,1,164.4200,200,32884.0000,100,200,164.4200,0,0,0,"2026-09-04 12:34:54"
2026-07-05,1020,1,2,11,1197.7900,0,0.0000,11,1197.7900,5,11,108.8900,0,0,0,"2026-09-04 12:34:54"
2026-07-05,1020,1,3,226,27987.5400,4,504.2800,222,27987.5400,111,222,126.0700,0,0,0,"2026-09-04 12:34:54"
2026-07-05,1021,1,1,200,32250.8700,3,491.1300,197,32250.8700,98,197,163.7100,0,0,0,"2026-09-04 12:34:54"
2026-07-05,1021,1,2,219,18966.7900,8,719.1200,211,18966.7900,105,211,89.8900,0,0,0,"2026-09-04 12:34:54"
2026-07-05,1021,1,3,188,3674.5800,6,121.1400,182,3674.5800,91,182,20.1900,0,0,0,"2026-09-04 12:34:54"
2026-07-05,1022,1,1,207,20177.7800,5,499.4500,202,20177.7800,101,202,99.8900,0,0,0,"2026-09-04 12:34:54"
2026-07-05,1022,1,2,124,4682.6500,5,196.7500,119,4682.6500,59,119,39.3500,0,0,0,"2026-09-04 12:34:54"
2026-07-05,1022,1,3,163,4272.2300,0,0.0000,163,4272.2300,81,163,26.2100,0,0,0,"2026-09-04 12:34:54"
2026-07-05,1023,1,1,221,28885.6800,5,668.6500,216,28885.6800,108,216,133.7300,0,0,0,"2026-09-04 12:34:54"
2026-07-05,1023,1,2,88,15131.7000,3,534.0600,85,15131.7000,42,85,178.0200,1,88,0,"2026-09-04 12:34:54"
2026-07-05,1023,1,3,19,647.9000,0,0.0000,19,647.9000,9,19,34.1000,0,0,0,"2026-09-04 12:34:54"
2026-07-05,1024,1,1,210,24246.2000,4,470.8000,206,24246.2000,103,206,117.7000,0,0,0,"2026-09-04 12:34:54"
2026-07-05,1024,1,2,50,8970.4300,1,183.0700,49,8970.4300,24,49,183.0700,0,0,0,"2026-09-04 12:34:54"
2026-07-05,1024,1,3,36,3141.9500,1,89.7700,35,3141.9500,17,35,89.7700,0,0,0,"2026-09-04 12:34:54"
2026-07-05,1025,1,1,119,23484.6500,0,0.0000,119,23484.6500,59,119,197.3500,0,0,0,"2026-09-04 12:34:54"
2026-07-05,1025,1,2,41,2557.1700,0,0.0000,41,2557.1700,20,41,62.3700,0,0,0,"2026-09-04 12:34:54"
2026-07-05,1025,1,3,30,4786.4500,1,165.0500,29,4786.4500,14,29,165.0500,0,0,0,"2026-09-04 12:34:54"
2026-07-05,1026,1,1,11,1911.9100,0,0.0000,11,1911.9100,5,11,173.8100,0,0,0,"2026-09-04 12:34:54"
2026-07-05,1026,1,2,81,6371.2000,1,79.6400,80,6371.2000,40,80,79.6400,0,0,0,"2026-09-04 12:34:54"
2026-07-05,1026,1,3,25,3354.7500,0,0.0000,25,3354.7500,12,25,134.1900,0,0,0,"2026-09-04 12:34:54"
2026-07-05,1027,1,1,240,38652.9100,11,1856.6900,229,38652.9100,114,229,168.7900,0,0,0,"2026-09-04 12:34:54"
2026-07-05,1027,1,2,153,19806.3600,7,949.6200,146,19806.3600,73,146,135.6600,0,0,0,"2026-09-04 12:34:54"
2026-07-05,1027,1,3,51,4995.5000,1,99.9100,50,4995.5000,25,50,99.9100,0,0,0,"2026-09-04 12:34:54"
2026-07-05,1028,1,1,197,4043.8800,9,193.5900,188,4043.8800,94,188,21.5100,0,0,0,"2026-09-04 12:34:54"
2026-07-05,1028,1,2,126,14988.9200,4,491.4400,122,14988.9200,61,122,122.8600,0,0,0,"2026-09-04 12:34:54"
2026-07-05,1028,1,3,230,23789.5200,2,208.6800,228,23789.5200,114,228,104.3400,0,0,0,"2026-09-04 12:34:54"
2026-07-05,1029,1,1,25,3072.2500,0,0.0000,25,3072.2500,12,25,122.8900,0,0,0,"2026-09-04 12:34:54"
2026-07-05,1029,1,2,29,1432.7600,1,51.1700,28,1432.7600,14,28,51.1700,0,0,0,"2026-09-04 12:34:54"
2026-07-05,1029,1,3,37,7243.1200,0,0.0000,37,7243.1200,18,37,195.7600,0,0,0,"2026-09-04 12:34:54"
2026-07-05,1030,1,1,209,5468.1400,7,189.4900,202,5468.1400,101,202,27.0700,0,0,0,"2026-09-04 12:34:54"
2026-07-05,1030,1,2,223,42312.0000,8,1574.4000,215,42312.0000,107,215,196.8000,0,0,0,"2026-09-04 12:34:54"
2026-07-05,1030,1,3,51,4783.0000,1,95.6600,50,4783.0000,25,50,95.6600,0,0,0,"2026-09-04 12:34:54"
2026-07-05,1031,1,1,218,31871.1900,5,748.1500,213,31871.1900,106,213,149.6300,1,218,0,"2026-09-04 12:34:54"
2026-07-05,1031,1,2,92,11828.4400,0,0.0000,92,11828.4400,46,92,128.5700,0,0,0,"2026-09-04 12:34:54"
2026-07-05,1031,1,3,116,18033.1500,1,156.8100,115,18033.1500,57,115,156.8100,0,0,0,"2026-09-04 12:34:54"
2026-07-05,1032,1,1,199,18721.0000,5,482.5000,194,18721.0000,97,194,96.5000,0,0,0,"2026-09-04 12:34:54"
2026-07-05,1032,1,2,135,7982.0000,5,307.0000,130,7982.0000,65,130,61.4000,0,0,0,"2026-09-04 12:34:54"
2026-07-05,1032,1,3,258,37331.5800,11,1662.5400,247,37331.5800,123,247,151.1400,1,258,0,"2026-09-04 12:34:54"
2026-07-05,1033,1,1,131,4860.1600,3,113.9100,128,4860.1600,64,128,37.9700,0,0,0,"2026-09-04 12:34:54"
2026-07-05,1033,1,2,302,46866.2400,14,2278.2200,288,46866.2400,144,288,162.7300,1,302,0,"2026-09-04 12:34:54"
2026-07-05,1033,1,3,105,17616.0900,2,342.0600,103,17616.0900,51,103,171.0300,0,0,0,"2026-09-04 12:34:54"
2026-07-05,1034,1,1,123,7354.1700,0,0.0000,123,7354.1700,61,123,59.7900,0,0,0,"2026-09-04 12:34:54"
2026-07-05,1034,1,2,37,4454.8000,0,0.0000,37,4454.8000,18,37,120.4000,0,0,0,"2026-09-04 12:34:54"
2026-07-05,1034,1,3,110,17553.2400,2,325.0600,108,17553.2400,54,108,162.5300,0,0,0,"2026-09-04 12:34:54"
2026-07-05,1035,1,1,26,4327.2500,1,173.0900,25,4327.2500,12,25,173.0900,0,0,0,"2026-09-04 12:34:54"
2026-07-05,1035,1,2,194,6458.2600,0,0.0000,194,6458.2600,97,194,33.2900,0,0,0,"2026-09-04 12:34:54"
2026-07-05,1035,1,3,220,32596.2000,10,1552.2000,210,32596.2000,105,210,155.2200,0,0,0,"2026-09-04 12:34:54"
2026-07-05,1036,1,1,245,31039.2000,5,646.6500,240,31039.2000,120,240,129.3300,0,0,0,"2026-09-04 12:34:54"
2026-07-05,1036,1,2,59,8834.5600,1,152.3200,58,8834.5600,29,58,152.3200,0,0,0,"2026-09-04 12:34:54"
2026-07-05,1036,1,3,104,8607.0400,0,0.0000,104,8607.0400,52,104,82.7600,0,0,0,"2026-09-04 12:34:54"
2026-07-05,1037,1,1,35,2767.1000,0,0.0000,35,2767.1000,17,35,79.0600,0,0,0,"2026-09-04 12:34:54"
2026-07-05,1037,1,2,27,899.1000,0,0.0000,27,899.1000,13,27,33.3000,0,0,0,"2026-09-04 12:34:54"
2026-07-05,1037,1,3,168,22656.1500,3,411.9300,165,22656.1500,82,165,137.3100,0,0,0,"2026-09-04 12:34:54"
2026-07-05,1038,1,1,72,910.0000,2,26.0000,70,910.0000,35,70,13.0000,0,0,0,"2026-09-04 12:34:54"
2026-07-05,1038,1,2,15,2760.3000,0,0.0000,15,2760.3000,7,15,184.0200,0,0,0,"2026-09-04 12:34:54"
2026-07-05,1038,1,3,47,2682.7600,0,0.0000,47,2682.7600,23,47,57.0800,0,0,0,"2026-09-04 12:34:54"
2026-07-05,1039,1,1,287,41695.3200,11,1661.7700,276,41695.3200,138,276,151.0700,1,287,0,"2026-09-04 12:34:54"
2026-07-05,1039,1,2,90,3784.8800,2,86.0200,88,3784.8800,44,88,43.0100,0,0,0,"2026-09-04 12:34:54"
2026-07-05,1039,1,3,26,3541.2000,0,0.0000,26,3541.2000,13,26,136.2000,0,0,0,"2026-09-04 12:34:54"
2026-07-05,1040,1,1,89,2140.4500,0,0.0000,89,2140.4500,44,89,24.0500,0,0,0,"2026-09-04 12:34:54"
2026-07-05,1040,1,2,16,682.4000,0,0.0000,16,682.4000,8,16,42.6500,0,0,0,"2026-09-04 12:34:54"
2026-07-05,1040,1,3,221,41362.2000,1,188.0100,220,41362.2000,110,220,188.0100,1,221,0,"2026-09-04 12:34:54"
2026-07-05,1041,1,1,246,34193.7300,7,1001.4900,239,34193.7300,119,239,143.0700,0,0,0,"2026-09-04 12:34:54"
2026-07-05,1041,1,2,168,4883.1300,7,212.3100,161,4883.1300,80,161,30.3300,0,0,0,"2026-09-04 12:34:54"
2026-07-05,1041,1,3,217,37202.0400,10,1797.2000,207,37202.0400,103,207,179.7200,0,0,0,"2026-09-04 12:34:54"
2026-07-05,1042,1,1,49,4706.9400,0,0.0000,49,4706.9400,24,49,96.0600,0,0,0,"2026-09-04 12:34:54"
2026-07-05,1042,1,2,153,13327.2600,2,176.5200,151,13327.2600,75,151,88.2600,0,0,0,"2026-09-04 12:34:54"
2026-07-05,1042,1,3,181,11910.5000,6,408.3600,175,11910.5000,87,175,68.0600,0,0,0,"2026-09-04 12:34:54"
2026-07-05,1043,1,1,226,15511.1400,4,279.4800,222,15511.1400,111,222,69.8700,0,0,0,"2026-09-04 12:34:54"
2026-07-05,1043,1,2,320,17266.0500,15,849.1500,305,17266.0500,152,305,56.6100,1,320,0,"2026-09-04 12:34:54"
2026-07-05,1043,1,3,13,517.4000,0,0.0000,13,517.4000,6,13,39.8000,0,0,0,"2026-09-04 12:34:54"
2026-07-05,1044,1,1,211,32529.0000,1,154.9000,210,32529.0000,105,210,154.9000,0,0,0,"2026-09-04 12:34:54"
2026-07-05,1044,1,2,118,2865.9600,4,100.5600,114,2865.9600,57,114,25.1400,0,0,0,"2026-09-04 12:34:54"
2026-07-05,1044,1,3,163,8565.3300,4,215.4800,159,8565.3300,79,159,53.8700,1,163,0,"2026-09-04 12:34:54"
2026-07-05,1045,1,1,46,8410.9500,1,186.9100,45,8410.9500,22,45,186.9100,0,0,0,"2026-09-04 12:34:54"
2026-07-05,1045,1,2,144,20235.9300,1,141.5100,143,20235.9300,71,143,141.5100,0,0,0,"2026-09-04 12:34:54"
2026-07-05,1045,1,3,123,11880.2400,5,503.4000,118,11880.2400,59,118,100.6800,0,0,0,"2026-09-04 12:34:54"
2026-07-05,1046,1,1,79,11953.2800,3,471.8400,76,11953.2800,38,76,157.2800,0,0,0,"2026-09-04 12:34:54"
2026-07-05,1046,1,2,125,19741.2000,5,822.5500,120,19741.2000,60,120,164.5100,0,0,0,"2026-09-04 12:34:54"
2026-07-05,1046,1,3,19,3559.2700,0,0.0000,19,3559.2700,9,19,187.3300,0,0,0,"2026-09-04 12:34:54"
2026-07-05,1047,1,1,193,35898.3900,6,1151.8200,187,35898.3900,93,187,191.9700,0,0,0,"2026-09-04 12:34:54"
2026-07-05,1047,1,2,279,52327.3600,7,1346.6600,272,52327.3600,136,272,192.3800,1,279,0,"2026-09-04 12:34:54"
2026-07-05,1047,1,3,101,3865.1200,3,118.3200,98,3865.1200,49,98,39.4400,1,101,0,"2026-09-04 12:34:54"
2026-07-05,1048,1,1,334,13858.0000,6,253.5000,328,13858.0000,164,328,42.2500,1,334,0,"2026-09-04 12:34:54"
2026-07-05,1048,1,2,37,797.3500,0,0.0000,37,797.3500,18,37,21.5500,0,0,0,"2026-09-04 12:34:54"
2026-07-05,1048,1,3,196,6102.8100,7,226.0300,189,6102.8100,94,189,32.2900,0,0,0,"2026-09-04 12:34:54"
2026-07-05,1049,1,1,49,829.4400,1,17.2800,48,829.4400,24,48,17.2800,0,0,0,"2026-09-04 12:34:54"
2026-07-05,1049,1,2,68,7311.0400,1,109.1200,67,7311.0400,33,67,109.1200,0,0,0,"2026-09-04 12:34:54"
2026-07-05,1049,1,3,72,1146.9600,0,0.0000,72,1146.9600,36,72,15.9300,0,0,0,"2026-09-04 12:34:54"
2026-07-05,1050,1,1,248,6956.4000,0,0.0000,248,6956.4000,124,248,28.0500,0,0,0,"2026-09-04 12:34:54"
2026-07-05,1050,1,2,179,30358.0400,6,1052.8800,173,30358.0400,86,173,175.4800,0,0,0,"2026-09-04 12:34:54"
2026-07-05,1050,1,3,124,22426.1400,3,556.0200,121,22426.1400,60,121,185.3400,0,0,0,"2026-09-04 12:34:54"
2026-07-06,1001,1,1,358,64403.5000,8,1472.0800,350,64403.5000,175,350,184.0100,1,358,0,"2026-09-04 12:34:54"
2026-07-06,1001,1,2,253,7460.2500,8,243.6000,245,7460.2500,122,245,30.4500,1,253,0,"2026-09-04 12:34:54"
2026-07-06,1001,1,3,190,17194.6800,7,657.7200,183,17194.6800,91,183,93.9600,0,0,0,"2026-09-04 12:34:54"
2026-07-06,1002,1,1,126,20229.8100,3,493.4100,123,20229.8100,61,123,164.4700,0,0,0,"2026-09-04 12:34:54"
2026-07-06,1002,1,2,113,18129.4400,1,161.8700,112,18129.4400,56,112,161.8700,0,0,0,"2026-09-04 12:34:54"
2026-07-06,1002,1,3,30,5699.3700,1,196.5300,29,5699.3700,14,29,196.5300,0,0,0,"2026-09-04 12:34:54"
2026-07-06,1003,1,1,115,3559.3600,3,95.3400,112,3559.3600,56,112,31.7800,0,0,0,"2026-09-04 12:34:54"
2026-07-06,1003,1,2,187,27723.6000,7,1078.1400,180,27723.6000,90,180,154.0200,0,0,0,"2026-09-04 12:34:54"
2026-07-06,1003,1,3,145,12378.2400,1,85.9600,144,12378.2400,72,144,85.9600,0,0,0,"2026-09-04 12:34:54"
2026-07-06,1004,1,1,188,16568.8200,5,452.7000,183,16568.8200,91,183,90.5400,0,0,0,"2026-09-04 12:34:54"
2026-07-06,1004,1,2,166,19784.3700,7,871.0100,159,19784.3700,79,159,124.4300,0,0,0,"2026-09-04 12:34:54"
2026-07-06,1004,1,3,94,9396.2400,0,0.0000,94,9396.2400,47,94,99.9600,0,0,0,"2026-09-04 12:34:54"
2026-07-06,1005,1,1,262,45199.3000,8,1423.6000,254,45199.3000,127,254,177.9500,1,262,0,"2026-09-04 12:34:54"
2026-07-06,1005,1,2,64,9650.3000,2,311.3000,62,9650.3000,31,62,155.6500,0,0,0,"2026-09-04 12:34:54"
2026-07-06,1005,1,3,194,16131.1500,5,426.7500,189,16131.1500,94,189,85.3500,0,0,0,"2026-09-04 12:34:54"
2026-07-06,1006,1,1,175,2097.8000,5,61.7000,170,2097.8000,85,170,12.3400,0,0,0,"2026-09-04 12:34:54"
2026-07-06,1006,1,2,138,21118.4000,4,630.4000,134,21118.4000,67,134,157.6000,0,0,0,"2026-09-04 12:34:54"
2026-07-06,1006,1,3,146,7438.7000,0,0.0000,146,7438.7000,73,146,50.9500,0,0,0,"2026-09-04 12:34:54"
2026-07-06,1007,1,1,115,17336.4600,2,306.8400,113,17336.4600,56,113,153.4200,0,0,0,"2026-09-04 12:34:54"
2026-07-06,1007,1,2,165,25454.4400,1,155.2100,164,25454.4400,82,164,155.2100,0,0,0,"2026-09-04 12:34:54"
2026-07-06,1007,1,3,80,10673.7400,3,415.8600,77,10673.7400,38,77,138.6200,0,0,0,"2026-09-04 12:34:54"
2026-07-06,1008,1,1,60,2323.4200,1,39.3800,59,2323.4200,29,59,39.3800,0,0,0,"2026-09-04 12:34:54"
2026-07-06,1008,1,2,169,14989.9200,2,179.5200,167,14989.9200,83,167,89.7600,0,0,0,"2026-09-04 12:34:54"
2026-07-06,1008,1,3,135,19875.7000,5,764.4500,130,19875.7000,65,130,152.8900,0,0,0,"2026-09-04 12:34:54"
2026-07-06,1009,1,1,355,55675.8400,3,474.5100,352,55675.8400,176,352,158.1700,1,355,0,"2026-09-04 12:34:54"
2026-07-06,1009,1,2,100,17954.0000,0,0.0000,100,17954.0000,50,100,179.5400,0,0,0,"2026-09-04 12:34:54"
2026-07-06,1009,1,3,51,6986.4900,0,0.0000,51,6986.4900,25,51,136.9900,0,0,0,"2026-09-04 12:34:54"
2026-07-06,1010,1,1,63,4184.6000,2,137.2000,61,4184.6000,30,61,68.6000,0,0,0,"2026-09-04 12:34:54"
2026-07-06,1010,1,2,82,3890.4300,1,48.0300,81,3890.4300,40,81,48.0300,1,82,0,"2026-09-04 12:34:54"
2026-07-06,1010,1,3,13,2322.4500,0,0.0000,13,2322.4500,6,13,178.6500,0,0,0,"2026-09-04 12:34:54"
2026-07-06,1011,1,1,54,1674.8000,1,31.6000,53,1674.8000,26,53,31.6000,0,0,0,"2026-09-04 12:34:54"
2026-07-06,1011,1,2,63,12104.2600,1,195.2300,62,12104.2600,31,62,195.2300,0,0,0,"2026-09-04 12:34:54"
2026-07-06,1011,1,3,30,948.6000,0,0.0000,30,948.6000,15,30,31.6200,0,0,0,"2026-09-04 12:34:54"
2026-07-06,1012,1,1,164,6179.1800,3,115.1400,161,6179.1800,80,161,38.3800,0,0,0,"2026-09-04 12:34:54"
2026-07-06,1012,1,2,204,25364.3600,8,1035.2800,196,25364.3600,98,196,129.4100,0,0,0,"2026-09-04 12:34:54"
2026-07-06,1012,1,3,108,20971.4400,0,0.0000,108,20971.4400,54,108,194.1800,0,0,0,"2026-09-04 12:34:54"
2026-07-06,1013,1,1,183,35647.8500,4,796.6000,179,35647.8500,89,179,199.1500,0,0,0,"2026-09-04 12:34:54"
2026-07-06,1013,1,2,160,9153.7600,6,356.6400,154,9153.7600,77,154,59.4400,0,0,0,"2026-09-04 12:34:54"
2026-07-06,1013,1,3,67,7788.0000,1,118.0000,66,7788.0000,33,66,118.0000,0,0,0,"2026-09-04 12:34:54"
2026-07-06,1014,1,1,121,4017.9000,3,102.1500,118,4017.9000,59,118,34.0500,0,0,0,"2026-09-04 12:34:54"
2026-07-06,1014,1,2,49,4742.2200,0,0.0000,49,4742.2200,24,49,96.7800,0,0,0,"2026-09-04 12:34:54"
2026-07-06,1014,1,3,137,14874.0900,0,0.0000,137,14874.0900,68,137,108.5700,0,0,0,"2026-09-04 12:34:54"
2026-07-06,1015,1,1,118,6020.4000,2,103.8000,116,6020.4000,58,116,51.9000,0,0,0,"2026-09-04 12:34:54"
2026-07-06,1015,1,2,146,21564.2000,0,0.0000,146,21564.2000,73,146,147.7000,0,0,0,"2026-09-04 12:34:54"
2026-07-06,1015,1,3,44,975.6700,1,22.6900,43,975.6700,21,43,22.6900,0,0,0,"2026-09-04 12:34:54"
2026-07-06,1016,1,1,36,5117.0400,0,0.0000,36,5117.0400,18,36,142.1400,0,0,0,"2026-09-04 12:34:54"
2026-07-06,1016,1,2,139,21149.3600,3,466.5300,136,21149.3600,68,136,155.5100,0,0,0,"2026-09-04 12:34:54"
2026-07-06,1016,1,3,160,24966.1400,3,477.0600,157,24966.1400,78,157,159.0200,0,0,0,"2026-09-04 12:34:54"
2026-07-06,1017,1,1,65,1183.7700,2,37.5800,63,1183.7700,31,63,18.7900,0,0,0,"2026-09-04 12:34:54"
2026-07-06,1017,1,2,150,1684.2400,2,22.7600,148,1684.2400,74,148,11.3800,0,0,0,"2026-09-04 12:34:54"
2026-07-06,1017,1,3,68,10714.6400,1,159.9200,67,10714.6400,33,67,159.9200,0,0,0,"2026-09-04 12:34:54"
2026-07-06,1018,1,1,132,23333.6400,0,0.0000,132,23333.6400,66,132,176.7700,0,0,0,"2026-09-04 12:34:54"
2026-07-06,1018,1,2,147,25476.8800,4,712.6400,143,25476.8800,71,143,178.1600,0,0,0,"2026-09-04 12:34:54"
2026-07-06,1018,1,3,103,12824.4600,1,125.7300,102,12824.4600,51,102,125.7300,0,0,0,"2026-09-04 12:34:54"
2026-07-06,1019,1,1,177,25367.6400,0,0.0000,177,25367.6400,88,177,143.3200,0,0,0,"2026-09-04 12:34:54"
2026-07-06,1019,1,2,39,1958.1400,1,51.5300,38,1958.1400,19,38,51.5300,0,0,0,"2026-09-04 12:34:54"
2026-07-06,1019,1,3,63,11905.8600,1,192.0300,62,11905.8600,31,62,192.0300,0,0,0,"2026-09-04 12:34:54"
2026-07-06,1020,1,1,170,8029.4400,6,293.7600,164,8029.4400,82,164,48.9600,0,0,0,"2026-09-04 12:34:54"
2026-07-06,1020,1,2,11,190.9600,0,0.0000,11,190.9600,5,11,17.3600,0,0,0,"2026-09-04 12:34:54"
2026-07-06,1020,1,3,192,20247.6000,4,430.8000,188,20247.6000,94,188,107.7000,0,0,0,"2026-09-04 12:34:54"
2026-07-06,1021,1,1,151,9112.5300,4,247.9600,147,9112.5300,73,147,61.9900,0,0,0,"2026-09-04 12:34:54"
2026-07-06,1021,1,2,165,30106.6500,6,1136.1000,159,30106.6500,79,159,189.3500,0,0,0,"2026-09-04 12:34:54"
2026-07-06,1021,1,3,169,15274.9800,7,660.0300,162,15274.9800,81,162,94.2900,0,0,0,"2026-09-04 12:34:54"
2026-07-06,1022,1,1,347,20328.3600,15,918.4500,332,20328.3600,166,332,61.2300,1,347,0,"2026-09-04 12:34:54"
2026-07-06,1022,1,2,122,12010.0400,4,407.1200,118,12010.0400,59,118,101.7800,0,0,0,"2026-09-04 12:34:54"
2026-07-06,1022,1,3,138,17188.2000,3,381.9600,135,17188.2000,67,135,127.3200,0,0,0,"2026-09-04 12:34:54"
2026-07-06,1023,1,1,199,14376.7800,1,72.6100,198,14376.7800,99,198,72.6100,0,0,0,"2026-09-04 12:34:54"
2026-07-06,1023,1,2,39,2350.3000,1,61.8500,38,2350.3000,19,38,61.8500,0,0,0,"2026-09-04 12:34:54"
2026-07-06,1023,1,3,34,4313.4300,1,130.7100,33,4313.4300,16,33,130.7100,1,34,0,"2026-09-04 12:34:54"
2026-07-06,1024,1,1,169,21873.6600,2,261.9600,167,21873.6600,83,167,130.9800,0,0,0,"2026-09-04 12:34:54"
2026-07-06,1024,1,2,35,3121.8800,1,91.8200,34,3121.8800,17,34,91.8200,0,0,0,"2026-09-04 12:34:54"
2026-07-06,1024,1,3,29,4608.6800,0,0.0000,29,4608.6800,14,29,158.9200,0,0,0,"2026-09-04 12:34:54"
2026-07-06,1025,1,1,101,15044.7000,4,620.4000,97,15044.7000,48,97,155.1000,0,0,0,"2026-09-04 12:34:54"
2026-07-06,1025,1,2,75,6949.3400,1,93.9100,74,6949.3400,37,74,93.9100,1,75,0,"2026-09-04 12:34:54"
2026-07-06,1025,1,3,34,6622.5200,0,0.0000,34,6622.5200,17,34,194.7800,0,0,0,"2026-09-04 12:34:54"
2026-07-06,1026,1,1,7,944.5800,0,0.0000,7,944.5800,3,7,134.9400,0,0,0,"2026-09-04 12:34:54"
2026-07-06,1026,1,2,70,2046.5400,1,29.6600,69,2046.5400,34,69,29.6600,0,0,0,"2026-09-04 12:34:54"
2026-07-06,1026,1,3,27,3096.6300,0,0.0000,27,3096.6300,13,27,114.6900,0,0,0,"2026-09-04 12:34:54"
2026-07-06,1027,1,1,384,41571.7900,7,771.8900,377,41571.7900,188,377,110.2700,1,384,0,"2026-09-04 12:34:54"
2026-07-06,1027,1,2,128,23428.9600,1,184.4800,127,23428.9600,63,127,184.4800,0,0,0,"2026-09-04 12:34:54"
2026-07-06,1027,1,3,38,2562.7200,0,0.0000,38,2562.7200,19,38,67.4400,0,0,0,"2026-09-04 12:34:54"
2026-07-06,1028,1,1,328,61695.8400,12,2342.8800,316,61695.8400,158,316,195.2400,1,328,0,"2026-09-04 12:34:54"
2026-07-06,1028,1,2,111,20798.8000,1,189.0800,110,20798.8000,55,110,189.0800,0,0,0,"2026-09-04 12:34:54"
2026-07-06,1028,1,3,170,5590.8800,4,134.7200,166,5590.8800,83,166,33.6800,0,0,0,"2026-09-04 12:34:54"
2026-07-06,1029,1,1,29,4282.4300,0,0.0000,29,4282.4300,14,29,147.6700,0,0,0,"2026-09-04 12:34:54"
2026-07-06,1029,1,2,20,2248.8000,0,0.0000,20,2248.8000,10,20,112.4400,0,0,0,"2026-09-04 12:34:54"
2026-07-06,1029,1,3,27,621.8100,0,0.0000,27,621.8100,13,27,23.0300,0,0,0,"2026-09-04 12:34:54"
2026-07-06,1030,1,1,354,40738.1100,11,1306.4700,343,40738.1100,171,343,118.7700,1,354,0,"2026-09-04 12:34:54"
2026-07-06,1030,1,2,199,21888.0100,0,0.0000,199,21888.0100,99,199,109.9900,0,0,0,"2026-09-04 12:34:54"
2026-07-06,1030,1,3,43,925.6800,1,22.0400,42,925.6800,21,42,22.0400,0,0,0,"2026-09-04 12:34:54"
2026-07-06,1031,1,1,91,16817.4400,2,377.9200,89,16817.4400,44,89,188.9600,0,0,0,"2026-09-04 12:34:54"
2026-07-06,1031,1,2,86,2877.2500,1,33.8500,85,2877.2500,42,85,33.8500,0,0,0,"2026-09-04 12:34:54"
2026-07-06,1031,1,3,91,6615.9000,1,73.5100,90,6615.9000,45,90,73.5100,0,0,0,"2026-09-04 12:34:54"
2026-07-06,1032,1,1,172,3643.2000,7,154.5600,165,3643.2000,82,165,22.0800,0,0,0,"2026-09-04 12:34:54"
2026-07-06,1032,1,2,102,6005.4400,4,245.1200,98,6005.4400,49,98,61.2800,0,0,0,"2026-09-04 12:34:54"
2026-07-06,1032,1,3,110,9203.2500,5,438.2500,105,9203.2500,52,105,87.6500,0,0,0,"2026-09-04 12:34:54"
2026-07-06,1033,1,1,122,5553.4400,0,0.0000,122,5553.4400,61,122,45.5200,0,0,0,"2026-09-04 12:34:54"
2026-07-06,1033,1,2,138,26252.8700,5,986.9500,133,26252.8700,66,133,197.3900,0,0,0,"2026-09-04 12:34:54"
2026-07-06,1033,1,3,199,16883.1600,0,0.0000,199,16883.1600,99,199,84.8400,1,199,0,"2026-09-04 12:34:54"
2026-07-06,1034,1,1,94,10544.3400,1,113.3800,93,10544.3400,46,93,113.3800,0,0,0,"2026-09-04 12:34:54"
2026-07-06,1034,1,2,29,2304.0500,0,0.0000,29,2304.0500,14,29,79.4500,0,0,0,"2026-09-04 12:34:54"
2026-07-06,1034,1,3,86,14286.3200,0,0.0000,86,14286.3200,43,86,166.1200,0,0,0,"2026-09-04 12:34:54"
2026-07-06,1035,1,1,21,214.8300,0,0.0000,21,214.8300,10,21,10.2300,0,0,0,"2026-09-04 12:34:54"
2026-07-06,1035,1,2,372,70446.2400,4,765.7200,368,70446.2400,184,368,191.4300,1,372,0,"2026-09-04 12:34:54"
2026-07-06,1035,1,3,156,12952.5000,6,518.1000,150,12952.5000,75,150,86.3500,0,0,0,"2026-09-04 12:34:54"
2026-07-06,1036,1,1,195,9965.9700,6,316.3800,189,9965.9700,94,189,52.7300,0,0,0,"2026-09-04 12:34:54"
2026-07-06,1036,1,2,46,6917.9400,0,0.0000,46,6917.9400,23,46,150.3900,0,0,0,"2026-09-04 12:34:54"
2026-07-06,1036,1,3,125,21268.2600,3,522.9900,122,21268.2600,61,122,174.3300,0,0,0,"2026-09-04 12:34:54"
2026-07-06,1037,1,1,21,2203.7400,0,0.0000,21,2203.7400,10,21,104.9400,0,0,0,"2026-09-04 12:34:54"
2026-07-06,1037,1,2,32,1139.5600,1,36.7600,31,1139.5600,15,31,36.7600,0,0,0,"2026-09-04 12:34:54"
2026-07-06,1037,1,3,222,8143.8500,1,36.8500,221,8143.8500,110,221,36.8500,1,222,0,"2026-09-04 12:34:54"
2026-07-06,1038,1,1,73,13165.9200,1,182.8600,72,13165.9200,36,72,182.8600,0,0,0,"2026-09-04 12:34:54"
2026-07-06,1038,1,2,17,1788.4000,0,0.0000,17,1788.4000,8,17,105.2000,0,0,0,"2026-09-04 12:34:54"
2026-07-06,1038,1,3,60,1405.8000,0,0.0000,60,1405.8000,30,60,23.4300,0,0,0,"2026-09-04 12:34:54"
2026-07-06,1039,1,1,102,13579.8600,4,554.2800,98,13579.8600,49,98,138.5700,0,0,0,"2026-09-04 12:34:54"
2026-07-06,1039,1,2,77,10442.2500,2,278.4600,75,10442.2500,37,75,139.2300,0,0,0,"2026-09-04 12:34:54"
2026-07-06,1039,1,3,34,3605.3600,0,0.0000,34,3605.3600,17,34,106.0400,1,34,0,"2026-09-04 12:34:54"
2026-07-06,1040,1,1,71,4995.2000,1,71.3600,70,4995.2000,35,70,71.3600,0,0,0,"2026-09-04 12:34:54"
2026-07-06,1040,1,2,17,709.5800,0,0.0000,17,709.5800,8,17,41.7400,0,0,0,"2026-09-04 12:34:54"
2026-07-06,1040,1,3,94,15375.9600,2,334.2600,92,15375.9600,46,92,167.1300,0,0,0,"2026-09-04 12:34:54"
2026-07-06,1041,1,1,172,4518.5200,6,163.3200,166,4518.5200,83,166,27.2200,0,0,0,"2026-09-04 12:34:54"
2026-07-06,1041,1,2,161,26511.8700,0,0.0000,161,26511.8700,80,161,164.6700,0,0,0,"2026-09-04 12:34:54"
2026-07-06,1041,1,3,157,25469.6000,2,328.6400,155,25469.6000,77,155,164.3200,0,0,0,"2026-09-04 12:34:54"
2026-07-06,1042,1,1,46,6925.5000,1,153.9000,45,6925.5000,22,45,153.9000,0,0,0,"2026-09-04 12:34:54"
2026-07-06,1042,1,2,143,6673.6800,5,241.8000,138,6673.6800,69,138,48.3600,0,0,0,"2026-09-04 12:34:54"
2026-07-06,1042,1,3,168,8213.0600,1,49.1800,167,8213.0600,83,167,49.1800,0,0,0,"2026-09-04 12:34:54"
2026-07-06,1043,1,1,173,26525.5200,5,789.4500,168,26525.5200,84,168,157.8900,0,0,0,"2026-09-04 12:34:54"
2026-07-06,1043,1,2,260,38170.0000,10,1526.8000,250,38170.0000,125,250,152.6800,1,260,0,"2026-09-04 12:34:54"
2026-07-06,1043,1,3,50,811.4400,1,16.5600,49,811.4400,24,49,16.5600,1,50,0,"2026-09-04 12:34:54"
2026-07-06,1044,1,1,189,3351.0400,2,35.8400,187,3351.0400,93,187,17.9200,0,0,0,"2026-09-04 12:34:54"
2026-07-06,1044,1,2,112,4820.3500,5,225.2500,107,4820.3500,53,107,45.0500,0,0,0,"2026-09-04 12:34:54"
2026-07-06,1044,1,3,62,4560.1000,0,0.0000,62,4560.1000,31,62,73.5500,0,0,0,"2026-09-04 12:34:54"
2026-07-06,1045,1,1,83,5826.4000,3,218.4900,80,5826.4000,40,80,72.8300,1,83,0,"2026-09-04 12:34:54"
2026-07-06,1045,1,2,102,14707.0000,2,294.1400,100,14707.0000,50,100,147.0700,0,0,0,"2026-09-04 12:34:54"
2026-07-06,1045,1,3,108,811.6500,3,23.1900,105,811.6500,52,105,7.7300,0,0,0,"2026-09-04 12:34:54"
2026-07-06,1046,1,1,68,4077.2800,0,0.0000,68,4077.2800,34,68,59.9600,0,0,0,"2026-09-04 12:34:54"
2026-07-06,1046,1,2,78,3644.9400,0,0.0000,78,3644.9400,39,78,46.7300,0,0,0,"2026-09-04 12:34:54"
2026-07-06,1046,1,3,13,993.9800,0,0.0000,13,993.9800,6,13,76.4600,0,0,0,"2026-09-04 12:34:54"
2026-07-06,1047,1,1,135,9941.4600,1,74.1900,134,9941.4600,67,134,74.1900,0,0,0,"2026-09-04 12:34:54"
2026-07-06,1047,1,2,133,6516.8400,1,49.3700,132,6516.8400,66,132,49.3700,0,0,0,"2026-09-04 12:34:54"
2026-07-06,1047,1,3,53,1669.5000,0,0.0000,53,1669.5000,26,53,31.5000,0,0,0,"2026-09-04 12:34:54"
2026-07-06,1048,1,1,135,14886.8400,4,454.5600,131,14886.8400,65,131,113.6400,0,0,0,"2026-09-04 12:34:54"
2026-07-06,1048,1,2,50,6104.0000,0,0.0000,50,6104.0000,25,50,122.0800,1,50,0,"2026-09-04 12:34:54"
2026-07-06,1048,1,3,179,15658.4700,8,732.5600,171,15658.4700,85,171,91.5700,0,0,0,"2026-09-04 12:34:54"
2026-07-06,1049,1,1,39,724.2300,0,0.0000,39,724.2300,19,39,18.5700,0,0,0,"2026-09-04 12:34:54"
2026-07-06,1049,1,2,82,11131.8300,1,137.4300,81,11131.8300,40,81,137.4300,0,0,0,"2026-09-04 12:34:54"
2026-07-06,1049,1,3,97,8770.7400,0,0.0000,97,8770.7400,48,97,90.4200,0,0,0,"2026-09-04 12:34:54"
2026-07-06,1050,1,1,193,6361.2800,0,0.0000,193,6361.2800,96,193,32.9600,0,0,0,"2026-09-04 12:34:54"
2026-07-06,1050,1,2,151,28373.6000,6,1174.0800,145,28373.6000,72,145,195.6800,0,0,0,"2026-09-04 12:34:54"
2026-07-06,1050,1,3,222,15058.3600,10,710.3000,212,15058.3600,106,212,71.0300,1,222,0,"2026-09-04 12:34:54"
2026-07-07,1001,1,1,177,24889.7000,7,1024.8700,170,24889.7000,85,170,146.4100,0,0,0,"2026-09-04 12:34:54"
2026-07-07,1001,1,2,117,13387.1100,4,473.8800,113,13387.1100,56,113,118.4700,0,0,0,"2026-09-04 12:34:54"
2026-07-07,1001,1,3,184,17699.9900,3,293.3700,181,17699.9900,90,181,97.7900,0,0,0,"2026-09-04 12:34:54"
2026-07-07,1002,1,1,108,10544.8800,2,198.9600,106,10544.8800,53,106,99.4800,0,0,0,"2026-09-04 12:34:54"
2026-07-07,1002,1,2,134,13562.0100,1,101.9700,133,13562.0100,66,133,101.9700,0,0,0,"2026-09-04 12:34:54"
2026-07-07,1002,1,3,27,659.3400,0,0.0000,27,659.3400,13,27,24.4200,0,0,0,"2026-09-04 12:34:54"
2026-07-07,1003,1,1,279,21176.2600,13,1034.9300,266,21176.2600,133,266,79.6100,1,279,0,"2026-09-04 12:34:54"
2026-07-07,1003,1,2,164,20583.6400,1,126.2800,163,20583.6400,81,163,126.2800,0,0,0,"2026-09-04 12:34:54"
2026-07-07,1003,1,3,323,49629.3800,12,1914.9600,311,49629.3800,155,311,159.5800,1,323,0,"2026-09-04 12:34:54"
2026-07-07,1004,1,1,193,18812.2000,6,603.6000,187,18812.2000,93,187,100.6000,0,0,0,"2026-09-04 12:34:54"
2026-07-07,1004,1,2,147,27277.2500,4,763.0000,143,27277.2500,71,143,190.7500,0,0,0,"2026-09-04 12:34:54"
2026-07-07,1004,1,3,208,37415.6400,4,733.6400,204,37415.6400,102,204,183.4100,1,208,0,"2026-09-04 12:34:54"
2026-07-07,1005,1,1,125,1403.4300,2,22.8200,123,1403.4300,61,123,11.4100,0,0,0,"2026-09-04 12:34:54"
2026-07-07,1005,1,2,67,4165.8500,2,128.1800,65,4165.8500,32,65,64.0900,0,0,0,"2026-09-04 12:34:54"
2026-07-07,1005,1,3,181,17508.7500,6,600.3000,175,17508.7500,87,175,100.0500,0,0,0,"2026-09-04 12:34:54"
2026-07-07,1006,1,1,158,20459.1600,5,668.6000,153,20459.1600,76,153,133.7200,0,0,0,"2026-09-04 12:34:54"
2026-07-07,1006,1,2,156,15570.0000,6,622.8000,150,15570.0000,75,150,103.8000,0,0,0,"2026-09-04 12:34:54"
2026-07-07,1006,1,3,139,26427.5200,3,582.9600,136,26427.5200,68,136,194.3200,0,0,0,"2026-09-04 12:34:54"
2026-07-07,1007,1,1,101,1049.0000,1,10.4900,100,1049.0000,50,100,10.4900,0,0,0,"2026-09-04 12:34:54"
2026-07-07,1007,1,2,374,26217.7700,15,1095.4500,359,26217.7700,179,359,73.0300,1,374,0,"2026-09-04 12:34:54"
2026-07-07,1007,1,3,99,2350.0400,1,23.9800,98,2350.0400,49,98,23.9800,0,0,0,"2026-09-04 12:34:54"
2026-07-07,1008,1,1,58,4189.5000,1,73.5000,57,4189.5000,28,57,73.5000,0,0,0,"2026-09-04 12:34:54"
2026-07-07,1008,1,2,152,27014.4400,4,730.1200,148,27014.4400,74,148,182.5300,0,0,0,"2026-09-04 12:34:54"
2026-07-07,1008,1,3,285,19903.2300,4,283.3200,281,19903.2300,140,281,70.8300,1,285,0,"2026-09-04 12:34:54"
2026-07-07,1009,1,1,348,38551.4100,15,1736.5500,333,38551.4100,166,333,115.7700,1,348,0,"2026-09-04 12:34:54"
2026-07-07,1009,1,2,137,19136.5600,1,140.7100,136,19136.5600,68,136,140.7100,0,0,0,"2026-09-04 12:34:54"
2026-07-07,1009,1,3,64,7348.9500,1,116.6500,63,7348.9500,31,63,116.6500,0,0,0,"2026-09-04 12:34:54"
2026-07-07,1010,1,1,67,9155.5500,0,0.0000,67,9155.5500,33,67,136.6500,0,0,0,"2026-09-04 12:34:54"
2026-07-07,1010,1,2,30,3746.7000,0,0.0000,30,3746.7000,15,30,124.8900,0,0,0,"2026-09-04 12:34:54"
2026-07-07,1010,1,3,22,2242.0200,0,0.0000,22,2242.0200,11,22,101.9100,0,0,0,"2026-09-04 12:34:54"
2026-07-07,1011,1,1,51,3051.5000,1,61.0300,50,3051.5000,25,50,61.0300,0,0,0,"2026-09-04 12:34:54"
2026-07-07,1011,1,2,112,8923.8000,5,417.0000,107,8923.8000,53,107,83.4000,1,112,0,"2026-09-04 12:34:54"
2026-07-07,1011,1,3,24,539.8100,1,23.4700,23,539.8100,11,23,23.4700,0,0,0,"2026-09-04 12:34:54"
2026-07-07,1012,1,1,145,23378.3500,0,0.0000,145,23378.3500,72,145,161.2300,0,0,0,"2026-09-04 12:34:54"
2026-07-07,1012,1,2,196,12133.4000,6,383.1600,190,12133.4000,95,190,63.8600,0,0,0,"2026-09-04 12:34:54"
2026-07-07,1012,1,3,136,14778.8600,2,220.5800,134,14778.8600,67,134,110.2900,0,0,0,"2026-09-04 12:34:54"
2026-07-07,1013,1,1,147,22157.2800,3,461.6100,144,22157.2800,72,144,153.8700,0,0,0,"2026-09-04 12:34:54"
2026-07-07,1013,1,2,157,22317.5500,0,0.0000,157,22317.5500,78,157,142.1500,0,0,0,"2026-09-04 12:34:54"
2026-07-07,1013,1,3,62,8983.8000,2,299.4600,60,8983.8000,30,60,149.7300,0,0,0,"2026-09-04 12:34:54"
2026-07-07,1014,1,1,126,13174.4800,5,544.4000,121,13174.4800,60,121,108.8800,0,0,0,"2026-09-04 12:34:54"
2026-07-07,1014,1,2,33,4198.2600,0,0.0000,33,4198.2600,16,33,127.2200,0,0,0,"2026-09-04 12:34:54"
2026-07-07,1014,1,3,123,4091.0100,2,67.6200,121,4091.0100,60,121,33.8100,0,0,0,"2026-09-04 12:34:54"
2026-07-07,1015,1,1,109,7183.9800,2,134.2800,107,7183.9800,53,107,67.1400,0,0,0,"2026-09-04 12:34:54"
2026-07-07,1015,1,2,159,7105.7100,0,0.0000,159,7105.7100,79,159,44.6900,0,0,0,"2026-09-04 12:34:54"
2026-07-07,1015,1,3,45,5500.8000,0,0.0000,45,5500.8000,22,45,122.2400,0,0,0,"2026-09-04 12:34:54"
2026-07-07,1016,1,1,25,1060.5000,0,0.0000,25,1060.5000,12,25,42.4200,0,0,0,"2026-09-04 12:34:54"
2026-07-07,1016,1,2,146,12787.1000,4,360.2000,142,12787.1000,71,142,90.0500,0,0,0,"2026-09-04 12:34:54"
2026-07-07,1016,1,3,150,5410.5000,0,0.0000,150,5410.5000,75,150,36.0700,0,0,0,"2026-09-04 12:34:54"
2026-07-07,1017,1,1,77,2949.0000,2,78.6400,75,2949.0000,37,75,39.3200,0,0,0,"2026-09-04 12:34:54"
2026-07-07,1017,1,2,168,15958.4000,8,797.9200,160,15958.4000,80,160,99.7400,0,0,0,"2026-09-04 12:34:54"
2026-07-07,1017,1,3,145,24548.1000,4,696.4000,141,24548.1000,70,141,174.1000,1,145,0,"2026-09-04 12:34:54"
2026-07-07,1018,1,1,104,7738.7400,2,151.7400,102,7738.7400,51,102,75.8700,0,0,0,"2026-09-04 12:34:54"
2026-07-07,1018,1,2,144,4504.9900,5,162.0500,139,4504.9900,69,139,32.4100,0,0,0,"2026-09-04 12:34:54"
2026-07-07,1018,1,3,108,19626.6000,3,560.7600,105,19626.6000,52,105,186.9200,0,0,0,"2026-09-04 12:34:54"
2026-07-07,1019,1,1,185,9575.7000,8,432.8000,177,9575.7000,88,177,54.1000,0,0,0,"2026-09-04 12:34:54"
2026-07-07,1019,1,2,20,576.8000,0,0.0000,20,576.8000,10,20,28.8400,0,0,0,"2026-09-04 12:34:54"
2026-07-07,1019,1,3,79,11772.5400,1,150.9300,78,11772.5400,39,78,150.9300,0,0,0,"2026-09-04 12:34:54"
2026-07-07,1020,1,1,180,5864.0100,3,99.3900,177,5864.0100,88,177,33.1300,0,0,0,"2026-09-04 12:34:54"
2026-07-07,1020,1,2,15,1799.2500,0,0.0000,15,1799.2500,7,15,119.9500,0,0,0,"2026-09-04 12:34:54"
2026-07-07,1020,1,3,170,31730.0000,3,570.0000,167,31730.0000,83,167,190.0000,0,0,0,"2026-09-04 12:34:54"
2026-07-07,1021,1,1,139,23473.1700,6,1058.9400,133,23473.1700,66,133,176.4900,0,0,0,"2026-09-04 12:34:54"
2026-07-07,1021,1,2,194,27610.9600,3,433.6800,191,27610.9600,95,191,144.5600,0,0,0,"2026-09-04 12:34:54"
2026-07-07,1021,1,3,198,32634.3700,5,845.4500,193,32634.3700,96,193,169.0900,0,0,0,"2026-09-04 12:34:54"
2026-07-07,1022,1,1,179,23885.2800,8,1117.4400,171,23885.2800,85,171,139.6800,0,0,0,"2026-09-04 12:34:54"
2026-07-07,1022,1,2,116,22068.5000,1,191.9000,115,22068.5000,57,115,191.9000,0,0,0,"2026-09-04 12:34:54"
2026-07-07,1022,1,3,147,4089.6000,5,144.0000,142,4089.6000,71,142,28.8000,0,0,0,"2026-09-04 12:34:54"
2026-07-07,1023,1,1,191,14938.2900,8,653.0400,183,14938.2900,91,183,81.6300,0,0,0,"2026-09-04 12:34:54"
2026-07-07,1023,1,2,36,813.6000,0,0.0000,36,813.6000,18,36,22.6000,0,0,0,"2026-09-04 12:34:54"
2026-07-07,1023,1,3,16,2937.6000,0,0.0000,16,2937.6000,8,16,183.6000,0,0,0,"2026-09-04 12:34:54"
2026-07-07,1024,1,1,185,27348.2700,8,1236.0800,177,27348.2700,88,177,154.5100,0,0,0,"2026-09-04 12:34:54"
2026-07-07,1024,1,2,57,10362.0000,2,376.8000,55,10362.0000,27,55,188.4000,0,0,0,"2026-09-04 12:34:54"
2026-07-07,1024,1,3,37,6254.1100,0,0.0000,37,6254.1100,18,37,169.0300,0,0,0,"2026-09-04 12:34:54"
2026-07-07,1025,1,1,115,15673.2000,4,564.8000,111,15673.2000,55,111,141.2000,0,0,0,"2026-09-04 12:34:54"
2026-07-07,1025,1,2,25,3060.2500,0,0.0000,25,3060.2500,12,25,122.4100,0,0,0,"2026-09-04 12:34:54"
2026-07-07,1025,1,3,26,394.1600,0,0.0000,26,394.1600,13,26,15.1600,0,0,0,"2026-09-04 12:34:54"
2026-07-07,1026,1,1,6,955.5000,0,0.0000,6,955.5000,3,6,159.2500,0,0,0,"2026-09-04 12:34:54"
2026-07-07,1026,1,2,60,1262.4000,0,0.0000,60,1262.4000,30,60,21.0400,0,0,0,"2026-09-04 12:34:54"
2026-07-07,1026,1,3,30,5822.4000,0,0.0000,30,5822.4000,15,30,194.0800,0,0,0,"2026-09-04 12:34:54"
2026-07-07,1027,1,1,198,30637.4400,6,957.4200,192,30637.4400,96,192,159.5700,0,0,0,"2026-09-04 12:34:54"
2026-07-07,1027,1,2,97,14094.2000,2,296.7200,95,14094.2000,47,95,148.3600,0,0,0,"2026-09-04 12:34:54"
2026-07-07,1027,1,3,37,1574.6400,1,43.7400,36,1574.6400,18,36,43.7400,0,0,0,"2026-09-04 12:34:54"
2026-07-07,1028,1,1,141,24626.0000,1,175.9000,140,24626.0000,70,140,175.9000,0,0,0,"2026-09-04 12:34:54"
2026-07-07,1028,1,2,120,21276.1500,5,925.0500,115,21276.1500,57,115,185.0100,0,0,0,"2026-09-04 12:34:54"
2026-07-07,1028,1,3,178,31456.5900,5,909.1500,173,31456.5900,86,173,181.8300,0,0,0,"2026-09-04 12:34:54"
2026-07-07,1029,1,1,27,2246.4000,0,0.0000,27,2246.4000,13,27,83.2000,0,0,0,"2026-09-04 12:34:54"
2026-07-07,1029,1,2,30,671.1000,0,0.0000,30,671.1000,15,30,22.3700,0,0,0,"2026-09-04 12:34:54"
2026-07-07,1029,1,3,39,3414.6800,1,89.8600,38,3414.6800,19,38,89.8600,0,0,0,"2026-09-04 12:34:54"
2026-07-07,1030,1,1,164,21952.3500,3,409.0500,161,21952.3500,80,161,136.3500,0,0,0,"2026-09-04 12:34:54"
2026-07-07,1030,1,2,186,28036.7800,8,1260.0800,178,28036.7800,89,178,157.5100,0,0,0,"2026-09-04 12:34:54"
2026-07-07,1030,1,3,41,1215.6000,1,30.3900,40,1215.6000,20,40,30.3900,0,0,0,"2026-09-04 12:34:54"
2026-07-07,1031,1,1,64,8771.2000,0,0.0000,64,8771.2000,32,64,137.0500,0,0,0,"2026-09-04 12:34:54"
2026-07-07,1031,1,2,61,2007.6000,1,33.4600,60,2007.6000,30,60,33.4600,0,0,0,"2026-09-04 12:34:54"
2026-07-07,1031,1,3,96,7091.3600,4,308.3200,92,7091.3600,46,92,77.0800,0,0,0,"2026-09-04 12:34:54"
2026-07-07,1032,1,1,180,1233.7600,4,28.0400,176,1233.7600,88,176,7.0100,0,0,0,"2026-09-04 12:34:54"
2026-07-07,1032,1,2,129,18012.5000,4,576.4000,125,18012.5000,62,125,144.1000,0,0,0,"2026-09-04 12:34:54"
2026-07-07,1032,1,3,113,5990.6400,4,219.8400,109,5990.6400,54,109,54.9600,0,0,0,"2026-09-04 12:34:54"
2026-07-07,1033,1,1,238,42975.6000,2,364.2000,236,42975.6000,118,236,182.1000,1,238,0,"2026-09-04 12:34:54"
2026-07-07,1033,1,2,130,24007.6400,6,1161.6600,124,24007.6400,62,124,193.6100,0,0,0,"2026-09-04 12:34:54"
2026-07-07,1033,1,3,88,10947.2100,1,125.8300,87,10947.2100,43,87,125.8300,0,0,0,"2026-09-04 12:34:54"
2026-07-07,1034,1,1,95,7269.0200,1,77.3300,94,7269.0200,47,94,77.3300,0,0,0,"2026-09-04 12:34:54"
