dt,sku_id,warehouse_id,begin_on_hand_qty,begin_locked_qty,begin_available_qty,end_on_hand_qty,end_locked_qty,end_available_qty,defect_qty,in_transit_qty,max_onhand_qty,min_onhand_qty,avg_on_hand_qty,avg_available_qty,inventory_cost_amt,turnover_days,stock_age_days,etl_time
2026-07-01,1001,1,8329,881,7448,8329,881,7448,4,43,9138,8246,8329,7448,62378.2600,43,48,"2026-09-04 12:34:54"
2026-07-01,1001,2,8897,677,8220,8897,677,8220,3,34,9217,8652,8897,8220,724253.8900,69,99,"2026-09-04 12:34:54"
2026-07-01,1001,3,8092,659,7433,8092,659,7433,5,1,8514,7949,8092,7433,859429.0600,41,148,"2026-09-04 12:34:54"
2026-07-01,1002,1,10662,1257,9405,10662,1257,9405,0,28,11133,10196,10662,9405,1799682.8800,75,24,"2026-09-04 12:34:54"
2026-07-01,1002,2,6006,352,5654,6006,352,5654,3,10,6045,5698,6006,5654,445120.9800,42,122,"2026-09-04 12:34:54"
2026-07-01,1002,3,2330,250,2080,2330,250,2080,5,3,2330,2111,2330,2080,298216.9300,69,57,"2026-09-04 12:34:54"
2026-07-01,1003,1,3282,186,3096,3282,186,3096,5,1,3544,3214,3282,3096,424445.2200,24,9,"2026-09-04 12:34:54"
2026-07-01,1003,2,10919,1192,9727,10919,1192,9727,2,49,11520,9872,10919,9727,1811202.1500,61,78,"2026-09-04 12:34:54"
2026-07-01,1003,3,5952,357,5595,5952,357,5595,3,39,6095,5559,5952,5595,656752.0300,37,164,"2026-09-04 12:34:54"
2026-07-01,1004,1,20675,1455,19220,20675,1455,19220,1,3,22410,20135,20675,19220,1868830.5700,105,44,"2026-09-04 12:34:54"
2026-07-01,1004,2,5996,423,5573,5996,423,5573,1,23,6169,5666,5996,5573,85025.8900,34,70,"2026-09-04 12:34:54"
2026-07-01,1004,3,4024,205,3819,4024,205,3819,4,35,4357,3646,4024,3819,499029.5200,41,68,"2026-09-04 12:34:54"
2026-07-01,1005,1,4057,217,3840,4057,217,3840,0,13,4182,3921,4057,3840,298814.2500,29,140,"2026-09-04 12:34:54"
2026-07-01,1005,2,2831,284,2547,2831,284,2547,2,3,2984,2679,2831,2547,508205.1000,41,40,"2026-09-04 12:34:54"
2026-07-01,1005,3,10712,1271,9441,10712,1271,9441,4,41,10827,10335,10712,9441,225218.2600,49,99,"2026-09-04 12:34:54"
2026-07-01,1006,1,8594,798,7796,8594,798,7796,0,36,9451,7840,8594,7796,1399033.3300,49,146,"2026-09-04 12:34:54"
2026-07-01,1006,2,4073,503,3570,4073,503,3570,4,21,4397,3683,4073,3570,413579.3600,21,49,"2026-09-04 12:34:54"
2026-07-01,1006,3,10258,1273,8985,10258,1273,8985,5,38,10836,9510,10258,8985,382907.2700,61,155,"2026-09-04 12:34:54"
2026-07-01,1007,1,6277,376,5901,6277,376,5901,1,48,6323,6060,6277,5901,1166071.4300,49,166,"2026-09-04 12:34:54"
2026-07-01,1007,2,8432,1090,7342,8432,1090,7342,1,16,9059,8109,8432,7342,1066143.2800,43,11,"2026-09-04 12:34:54"
2026-07-01,1007,3,4454,550,3904,4454,550,3904,0,36,4566,4127,4454,3904,359285.1900,48,128,"2026-09-04 12:34:54"
2026-07-01,1008,1,3507,309,3198,3507,309,3198,5,50,3847,3177,3507,3198,558417.6900,57,36,"2026-09-04 12:34:54"
2026-07-01,1008,2,10904,1156,9748,10904,1156,9748,4,41,11950,10137,10904,9748,239077.6300,64,21,"2026-09-04 12:34:54"
2026-07-01,1008,3,4220,421,3799,4220,421,3799,1,11,4621,3849,4220,3799,399784.8000,29,27,"2026-09-04 12:34:54"
2026-07-01,1009,1,6176,448,5728,6176,448,5728,3,43,6626,5842,6176,5728,939642.0400,32,117,"2026-09-04 12:34:54"
2026-07-01,1009,2,3886,493,3393,3886,493,3393,5,31,4188,3631,3886,3393,114700.5400,26,156,"2026-09-04 12:34:54"
2026-07-01,1009,3,1756,160,1596,1756,160,1596,5,7,1818,1651,1756,1596,209694.2900,28,67,"2026-09-04 12:34:54"
2026-07-01,1010,1,2349,173,2176,2349,173,2176,5,38,2474,2188,2349,2176,345464.0300,32,32,"2026-09-04 12:34:54"
2026-07-01,1010,2,1604,134,1470,1604,134,1470,5,30,1752,1545,1604,1470,132880.7800,35,48,"2026-09-04 12:34:54"
2026-07-01,1010,3,1339,106,1233,1339,106,1233,0,40,1373,1284,1339,1233,129387.8100,53,47,"2026-09-04 12:34:54"
2026-07-01,1011,1,1780,169,1611,1780,169,1611,3,23,1877,1632,1780,1611,293308.9500,33,49,"2026-09-04 12:34:54"
2026-07-01,1011,2,3225,334,2891,3225,334,2891,4,4,3412,3126,3225,2891,35417.3800,43,142,"2026-09-04 12:34:54"
2026-07-01,1011,3,642,39,603,642,39,603,0,16,667,599,642,603,29584.6000,24,102,"2026-09-04 12:34:54"
2026-07-01,1012,1,13629,1162,12467,13629,1162,12467,4,25,14037,12771,13629,12467,709904.4400,82,79,"2026-09-04 12:34:54"
2026-07-01,1012,2,6737,868,5869,6737,868,5869,5,33,6745,6615,6737,5869,414170.8200,30,60,"2026-09-04 12:34:54"
2026-07-01,1012,3,4194,224,3970,4194,224,3970,1,10,4501,4145,4194,3970,749045.6500,33,45,"2026-09-04 12:34:54"
2026-07-01,1013,1,7832,921,6911,7832,921,6911,2,22,7864,7208,7832,6911,473568.3900,42,150,"2026-09-04 12:34:54"
2026-07-01,1013,2,14163,1645,12518,14163,1645,12518,4,27,14204,13876,14163,12518,1234856.2600,84,20,"2026-09-04 12:34:54"
2026-07-01,1013,3,4351,243,4108,4351,243,4108,0,2,4540,4214,4351,4108,771512.4700,60,17,"2026-09-04 12:34:54"
2026-07-01,1014,1,18161,1267,16894,18161,1267,16894,5,21,19826,17326,18161,16894,3061170.4100,129,22,"2026-09-04 12:34:54"
2026-07-01,1014,2,2765,323,2442,2765,323,2442,3,47,2825,2724,2765,2442,305127.5900,74,83,"2026-09-04 12:34:54"
2026-07-01,1014,3,4765,413,4352,4765,413,4352,1,50,5082,4532,4765,4352,49959.8900,32,65,"2026-09-04 12:34:54"
2026-07-01,1015,1,8880,1094,7786,8880,1094,7786,2,45,9660,8421,8880,7786,1513388.8200,68,60,"2026-09-04 12:34:54"
2026-07-01,1015,2,14389,1773,12616,14389,1773,12616,3,49,15489,13427,14389,12616,2495033.8200,74,47,"2026-09-04 12:34:54"
2026-07-01,1015,3,1111,120,991,1111,120,991,4,27,1125,1040,1111,991,20286.4300,24,32,"2026-09-04 12:34:54"
2026-07-01,1016,1,1177,121,1056,1177,121,1056,1,2,1186,1170,1177,1056,52335.3500,32,139,"2026-09-04 12:34:54"
2026-07-01,1016,2,12894,719,12175,12894,719,12175,4,41,13464,11625,12894,12175,1757524.6000,86,4,"2026-09-04 12:34:54"
2026-07-01,1016,3,10401,882,9519,10401,882,9519,1,26,10467,10081,10401,9519,1373461.0500,58,102,"2026-09-04 12:34:54"
2026-07-01,1017,1,3230,174,3056,3230,174,3056,3,40,3339,3098,3230,3056,459253.6500,39,176,"2026-09-04 12:34:54"
2026-07-01,1017,2,13384,1482,11902,13384,1482,11902,1,26,13393,12832,13384,11902,151039.3700,80,49,"2026-09-04 12:34:54"
2026-07-01,1017,3,4593,546,4047,4593,546,4047,2,39,4649,4328,4593,4047,692183.0200,57,82,"2026-09-04 12:34:54"
2026-07-01,1018,1,5710,659,5051,5710,659,5051,0,34,5956,5601,5710,5051,822776.4300,46,140,"2026-09-04 12:34:54"
2026-07-01,1018,2,4623,227,4396,4623,227,4396,5,18,4817,4186,4623,4396,691909.5800,36,128,"2026-09-04 12:34:54"
2026-07-01,1018,3,5667,464,5203,5667,464,5203,4,26,5708,5151,5667,5203,563640.6200,54,14,"2026-09-04 12:34:54"
2026-07-01,1019,1,5714,608,5106,5714,608,5106,4,39,5731,5234,5714,5106,438183.8200,30,178,"2026-09-04 12:34:54"
2026-07-01,1019,2,2257,144,2113,2257,144,2113,5,40,2350,2132,2257,2113,53377.3200,64,152,"2026-09-04 12:34:54"
2026-07-01,1019,3,3153,383,2770,3153,383,2770,5,34,3295,3004,3153,2770,20234.7300,32,15,"2026-09-04 12:34:54"
2026-07-01,1020,1,7697,556,7141,7697,556,7141,5,15,8406,7037,7697,7141,514103.0000,43,28,"2026-09-04 12:34:54"
2026-07-01,1020,2,653,36,617,653,36,617,2,32,662,605,653,617,28282.7100,51,5,"2026-09-04 12:34:54"
2026-07-01,1020,3,8645,927,7718,8645,927,7718,4,4,8785,8537,8645,7718,48892.5600,44,18,"2026-09-04 12:34:54"
2026-07-01,1021,1,5370,690,4680,5370,690,4680,5,4,5529,5365,5370,4680,888829.8600,30,176,"2026-09-04 12:34:54"
2026-07-01,1021,2,6880,494,6386,6880,494,6386,0,47,7063,6348,6880,6386,795975.2100,34,120,"2026-09-04 12:34:54"
2026-07-01,1021,3,9451,1023,8428,9451,1023,8428,1,35,9666,8857,9451,8428,489453.5400,51,167,"2026-09-04 12:34:54"
2026-07-01,1022,1,6422,387,6035,6422,387,6035,0,30,6468,5911,6422,6035,647218.5100,34,65,"2026-09-04 12:34:54"
2026-07-01,1022,2,7155,546,6609,7155,546,6609,0,29,7210,6651,7155,6609,924998.3600,56,50,"2026-09-04 12:34:54"
2026-07-01,1022,3,4683,294,4389,4683,294,4389,4,23,4857,4577,4683,4389,667987.6800,33,151,"2026-09-04 12:34:54"
2026-07-01,1023,1,5959,771,5188,5959,771,5188,1,27,6255,5452,5959,5188,186834.7300,28,91,"2026-09-04 12:34:54"
2026-07-01,1023,2,1133,73,1060,1133,73,1060,3,20,1133,1083,1133,1060,20340.6000,25,1,"2026-09-04 12:34:54"
2026-07-01,1023,3,1017,91,926,1017,91,926,5,10,1043,1014,1017,926,150997.1600,57,34,"2026-09-04 12:34:54"
2026-07-01,1024,1,6118,529,5589,6118,529,5589,5,15,6181,5728,6118,5589,225150.0400,31,167,"2026-09-04 12:34:54"
2026-07-01,1024,2,3542,314,3228,3542,314,3228,3,42,3742,3498,3542,3228,381756.6000,73,101,"2026-09-04 12:34:54"
2026-07-01,1024,3,4972,566,4406,4972,566,4406,3,49,5047,4735,4972,4406,719791.7600,125,132,"2026-09-04 12:34:54"
2026-07-01,1025,1,4868,604,4264,4868,604,4264,4,11,5233,4864,4868,4264,334802.9400,41,176,"2026-09-04 12:34:54"
2026-07-01,1025,2,1528,179,1349,1528,179,1349,5,49,1561,1484,1528,1349,234362.6600,40,85,"2026-09-04 12:34:54"
2026-07-01,1025,3,1046,111,935,1046,111,935,2,24,1085,1011,1046,935,44199.4200,34,112,"2026-09-04 12:34:54"
2026-07-01,1026,1,322,22,300,322,22,300,0,5,353,293,322,300,11944.8200,30,121,"2026-09-04 12:34:54"
2026-07-01,1026,2,2373,133,2240,2373,133,2240,3,12,2513,2342,2373,2240,371562.1300,32,98,"2026-09-04 12:34:54"
2026-07-01,1026,3,1353,145,1208,1353,145,1208,5,9,1474,1311,1353,1208,39137.5500,46,78,"2026-09-04 12:34:54"
2026-07-01,1027,1,15608,1378,14230,15608,1378,14230,5,34,16800,14274,15608,14230,714635.8400,72,177,"2026-09-04 12:34:54"
2026-07-01,1027,2,6981,539,6442,6981,539,6442,2,3,7153,6929,6981,6442,724358.8500,54,39,"2026-09-04 12:34:54"
2026-07-01,1027,3,1284,162,1122,1284,162,1122,1,2,1390,1281,1284,1122,20249.2300,26,28,"2026-09-04 12:34:54"
2026-07-01,1028,1,10095,966,9129,10095,966,9129,2,12,10794,9928,10095,9129,329995.7300,55,173,"2026-09-04 12:34:54"
2026-07-01,1028,2,3961,396,3565,3961,396,3565,4,34,4151,3809,3961,3565,362105.4200,31,46,"2026-09-04 12:34:54"
2026-07-01,1028,3,6946,841,6105,6946,841,6105,5,23,7060,6507,6946,6105,1014303.6100,33,57,"2026-09-04 12:34:54"
2026-07-01,1029,1,1827,197,1630,1827,197,1630,2,2,1899,1797,1827,1630,33691.1700,65,79,"2026-09-04 12:34:54"
2026-07-01,1029,2,930,49,881,930,49,881,5,32,1003,881,930,881,15110.8900,38,116,"2026-09-04 12:34:54"
2026-07-01,1029,3,1043,113,930,1043,113,930,4,28,1116,1030,1043,930,52701.3600,25,31,"2026-09-04 12:34:54"
2026-07-01,1030,1,6061,755,5306,6061,755,5306,0,42,6382,6039,6061,5306,821850.5800,31,32,"2026-09-04 12:34:54"
2026-07-01,1030,2,7484,491,6993,7484,491,6993,0,46,7942,7039,7484,6993,1312839.8100,37,20,"2026-09-04 12:34:54"
2026-07-01,1030,3,1690,126,1564,1690,126,1564,2,1,1706,1660,1690,1564,209243.6800,34,176,"2026-09-04 12:34:54"
2026-07-01,1031,1,3836,365,3471,3836,365,3471,0,48,4037,3464,3836,3471,496098.1800,39,4,"2026-09-04 12:34:54"
2026-07-01,1031,2,3317,206,3111,3317,206,3111,0,31,3582,3158,3317,3111,281483.8500,39,80,"2026-09-04 12:34:54"
2026-07-01,1031,3,2675,323,2352,2675,323,2352,5,42,2810,2543,2675,2352,122526.4500,24,124,"2026-09-04 12:34:54"
2026-07-01,1032,1,7760,860,6900,7760,860,6900,3,9,8364,7063,7760,6900,120219.4000,42,180,"2026-09-04 12:34:54"
2026-07-01,1032,2,4424,314,4110,4424,314,4110,5,44,4583,4194,4424,4110,541883.9200,30,45,"2026-09-04 12:34:54"
2026-07-01,1032,3,5073,407,4666,5073,407,4666,0,36,5439,4792,5073,4666,732589.9700,46,77,"2026-09-04 12:34:54"
2026-07-01,1033,1,4692,234,4458,4692,234,4458,3,40,5082,4561,4692,4458,730561.0300,39,177,"2026-09-04 12:34:54"
2026-07-01,1033,2,11817,937,10880,11817,937,10880,5,40,12426,10969,11817,10880,566096.6900,85,69,"2026-09-04 12:34:54"
2026-07-01,1033,3,3780,398,3382,3780,398,3382,3,40,3789,3565,3780,3382,528209.1800,38,5,"2026-09-04 12:34:54"
2026-07-01,1034,1,4087,510,3577,4087,510,3577,5,22,4167,3679,4087,3577,521060.2500,36,40,"2026-09-04 12:34:54"
2026-07-01,1034,2,1069,137,932,1069,137,932,3,28,1149,1046,1069,932,69437.6600,32,57,"2026-09-04 12:34:54"
2026-07-01,1034,3,3369,425,2944,3369,425,2944,1,42,3434,3186,3369,2944,402879.5900,32,127,"2026-09-04 12:34:54"
2026-07-01,1035,1,827,59,768,827,59,768,0,14,894,804,827,768,144619.4900,32,96,"2026-09-04 12:34:54"
2026-07-01,1035,2,9102,763,8339,9102,763,8339,4,11,9931,8416,9102,8339,888856.7000,47,59,"2026-09-04 12:34:54"
2026-07-01,1035,3,19967,2227,17740,19967,2227,17740,4,48,20535,18139,19967,17740,2381206.5900,100,87,"2026-09-04 12:34:54"
2026-07-01,1036,1,8159,811,7348,8159,811,7348,2,49,8783,8043,8159,7348,766417.2800,38,61,"2026-09-04 12:34:54"
2026-07-01,1036,2,1614,114,1500,1614,114,1500,1,43,1767,1530,1614,1500,96529.5700,30,104,"2026-09-04 12:34:54"
2026-07-01,1036,3,4913,512,4401,4913,512,4401,4,4,4990,4780,4913,4401,619200.4400,46,48,"2026-09-04 12:34:54"
2026-07-01,1037,1,759,57,702,759,57,702,3,32,800,755,759,702,107244.0700,23,169,"2026-09-04 12:34:54"
2026-07-01,1037,2,3125,177,2948,3125,177,2948,5,30,3342,3114,3125,2948,89353.7500,95,128,"2026-09-04 12:34:54"
2026-07-01,1037,3,5043,586,4457,5043,586,4457,3,10,5389,4908,5043,4457,800534.6100,37,72,"2026-09-04 12:34:54"
2026-07-01,1038,1,3518,228,3290,3518,228,3290,4,8,3520,3476,3518,3290,402038.7600,55,77,"2026-09-04 12:34:54"
2026-07-01,1038,2,546,58,488,546,58,488,5,8,581,530,546,488,25881.2500,25,67,"2026-09-04 12:34:54"
2026-07-01,1038,3,2580,301,2279,2580,301,2279,3,0,2610,2387,2580,2279,173449.1100,43,94,"2026-09-04 12:34:54"
2026-07-01,1039,1,3146,294,2852,3146,294,2852,2,35,3287,2954,3146,2852,180205.4400,23,103,"2026-09-04 12:34:54"
2026-07-01,1039,2,3996,342,3654,3996,342,3654,4,12,4011,3671,3996,3654,165787.8100,44,27,"2026-09-04 12:34:54"
2026-07-01,1039,3,1212,102,1110,1212,102,1110,3,2,1311,1142,1212,1110,23834.0500,48,111,"2026-09-04 12:34:54"
2026-07-01,1040,1,3661,310,3351,3661,310,3351,2,47,3958,3521,3661,3351,325689.9300,42,169,"2026-09-04 12:34:54"
2026-07-01,1040,2,851,100,751,851,100,751,1,5,887,807,851,751,22821.0400,46,180,"2026-09-04 12:34:54"
2026-07-01,1040,3,5404,492,4912,5404,492,4912,1,17,5428,5315,5404,4912,155820.1000,53,26,"2026-09-04 12:34:54"
2026-07-01,1041,1,6881,715,6166,6881,715,6166,2,3,7342,6749,6881,6166,423124.6100,32,101,"2026-09-04 12:34:54"
2026-07-01,1041,2,4432,472,3960,4432,472,3960,3,44,4507,4332,4432,3960,580774.1300,24,4,"2026-09-04 12:34:54"
2026-07-01,1041,3,20035,1719,18316,20035,1719,18316,3,15,21226,18393,20035,18316,1006371.5300,108,104,"2026-09-04 12:34:54"
2026-07-01,1042,1,1261,154,1107,1261,154,1107,3,5,1381,1218,1261,1107,179804.3800,24,57,"2026-09-04 12:34:54"
2026-07-01,1042,2,3863,485,3378,3863,485,3378,5,6,3922,3644,3863,3378,549367.8000,23,101,"2026-09-04 12:34:54"
2026-07-01,1042,3,5734,731,5003,5734,731,5003,4,13,5823,5491,5734,5003,552483.1400,29,5,"2026-09-04 12:34:54"
2026-07-01,1043,1,5707,369,5338,5707,369,5338,3,27,5916,5668,5707,5338,901407.1200,31,131,"2026-09-04 12:34:54"
2026-07-01,1043,2,13765,969,12796,13765,969,12796,5,19,14351,13511,13765,12796,1298816.8600,99,63,"2026-09-04 12:34:54"
2026-07-01,1043,3,931,91,840,931,91,840,4,16,942,865,931,840,128409.2300,40,115,"2026-09-04 12:34:54"
2026-07-01,1044,1,11563,1329,10234,11563,1329,10234,2,13,11613,11267,11563,10234,821658.0400,58,58,"2026-09-04 12:34:54"
2026-07-01,1044,2,9600,942,8658,9600,942,8658,1,34,10130,9454,9600,8658,642857.3100,77,142,"2026-09-04 12:34:54"
2026-07-01,1044,3,3066,285,2781,3066,285,2781,2,16,3300,2973,3066,2781,461666.4200,35,84,"2026-09-04 12:34:54"
2026-07-01,1045,1,3188,354,2834,3188,354,2834,3,29,3378,3048,3188,2834,565069.8600,78,127,"2026-09-04 12:34:54"
2026-07-01,1045,2,11335,1361,9974,11335,1361,9974,5,39,11630,11279,11335,9974,1693111.6300,80,71,"2026-09-04 12:34:54"
2026-07-01,1045,3,7306,877,6429,7306,877,6429,2,26,7462,7078,7306,6429,131271.8200,56,70,"2026-09-04 12:34:54"
2026-07-01,1046,1,3264,368,2896,3264,368,2896,4,8,3485,3258,3264,2896,109964.1600,41,42,"2026-09-04 12:34:54"
2026-07-01,1046,2,3635,179,3456,3635,179,3456,3,26,3868,3493,3635,3456,466272.5900,32,29,"2026-09-04 12:34:54"
2026-07-01,1046,3,659,83,576,659,83,576,3,15,695,637,659,576,109180.6800,36,134,"2026-09-04 12:34:54"
2026-07-01,1047,1,13559,789,12770,13559,789,12770,0,25,13688,12790,13559,12770,1463914.8300,76,74,"2026-09-04 12:34:54"
2026-07-01,1047,2,2592,132,2460,2592,132,2460,3,25,2751,2410,2592,2460,240223.9100,20,160,"2026-09-04 12:34:54"
2026-07-01,1047,3,2787,241,2546,2787,241,2546,5,34,2958,2678,2787,2546,261907.8300,50,134,"2026-09-04 12:34:54"
2026-07-01,1048,1,7719,999,6720,7719,999,6720,4,43,8340,7155,7719,6720,334929.6500,49,31,"2026-09-04 12:34:54"
2026-07-01,1048,2,769,41,728,769,41,728,5,21,791,707,769,728,116969.0000,28,170,"2026-09-04 12:34:54"
2026-07-01,1048,3,15359,1462,13897,15359,1462,13897,1,14,16797,14478,15359,13897,402423.8900,79,114,"2026-09-04 12:34:54"
2026-07-01,1049,1,2668,311,2357,2668,311,2357,2,16,2857,2537,2668,2357,30816.0900,54,175,"2026-09-04 12:34:54"
2026-07-01,1049,2,3778,337,3441,3778,337,3441,4,13,4069,3695,3778,3441,356583.7900,51,75,"2026-09-04 12:34:54"
2026-07-01,1049,3,4501,372,4129,4501,372,4129,3,15,4775,4343,4501,4129,738483.8300,47,157,"2026-09-04 12:34:54"
2026-07-01,1050,1,8338,966,7372,8338,966,7372,4,13,8860,7961,8338,7372,319474.7300,38,76,"2026-09-04 12:34:54"
2026-07-01,1050,2,6937,793,6144,6937,793,6144,0,43,7514,6706,6937,6144,631192.5200,39,60,"2026-09-04 12:34:54"
2026-07-01,1050,3,2413,153,2260,2413,153,2260,5,49,2607,2372,2413,2260,96399.4800,20,169,"2026-09-04 12:34:54"
2026-07-02,1001,1,8547,810,7737,8547,810,7737,4,5,8821,8286,8547,7737,655191.1600,45,14,"2026-09-04 12:34:54"
2026-07-02,1001,2,8623,614,8009,8623,614,8009,4,30,9075,8327,8623,8009,524001.4200,67,131,"2026-09-04 12:34:54"
2026-07-02,1001,3,8074,869,7205,8074,869,7205,5,41,8355,7492,8074,7205,1312975.2700,40,178,"2026-09-04 12:34:54"
2026-07-02,1002,1,10607,1362,9245,10607,1362,9245,3,27,11072,9940,10607,9245,1793194.3300,74,171,"2026-09-04 12:34:54"
2026-07-02,1002,2,6247,740,5507,6247,740,5507,1,47,6576,5931,6247,5507,95249.1800,41,6,"2026-09-04 12:34:54"
2026-07-02,1002,3,2372,305,2067,2372,305,2067,0,7,2471,2272,2372,2067,164122.2100,68,95,"2026-09-04 12:34:54"
2026-07-02,1003,1,3394,319,3075,3394,319,3075,3,31,3531,3066,3394,3075,50438.8000,23,106,"2026-09-04 12:34:54"
2026-07-02,1003,2,10577,825,9752,10577,825,9752,0,43,11165,10125,10577,9752,1354599.5700,62,26,"2026-09-04 12:34:54"
2026-07-02,1003,3,6221,707,5514,6221,707,5514,0,1,6459,6045,6221,5514,271088.3600,37,55,"2026-09-04 12:34:54"
2026-07-02,1004,1,19504,1498,18006,19504,1498,18006,5,5,20475,17988,19504,18006,3326395.8900,98,134,"2026-09-04 12:34:54"
2026-07-02,1004,2,5891,400,5491,5891,400,5491,0,39,6387,5867,5891,5491,1019979.4300,34,11,"2026-09-04 12:34:54"
2026-07-02,1004,3,4000,294,3706,4000,294,3706,0,2,4055,3795,4000,3706,118494.2500,39,4,"2026-09-04 12:34:54"
2026-07-02,1005,1,4923,529,4394,4923,529,4394,3,20,5264,4735,4923,4394,810044.2600,33,177,"2026-09-04 12:34:54"
2026-07-02,1005,2,2585,215,2370,2585,215,2370,5,27,2632,2349,2585,2370,37997.5000,38,104,"2026-09-04 12:34:54"
2026-07-02,1005,3,10272,1250,9022,10272,1250,9022,4,33,10512,9468,10272,9022,634738.9000,47,16,"2026-09-04 12:34:54"
2026-07-02,1006,1,9276,679,8597,9276,679,8597,5,29,9529,8457,9276,8597,436075.1600,54,169,"2026-09-04 12:34:54"
2026-07-02,1006,2,3739,196,3543,3739,196,3543,5,49,3822,3640,3739,3543,677999.3600,20,19,"2026-09-04 12:34:54"
2026-07-02,1006,3,9962,1191,8771,9962,1191,8771,4,48,10535,9076,9962,8771,1352341.7700,60,134,"2026-09-04 12:34:54"
2026-07-02,1007,1,7291,772,6519,7291,772,6519,2,5,7444,6933,7291,6519,73335.4300,54,75,"2026-09-04 12:34:54"
2026-07-02,1007,2,8081,739,7342,8081,739,7342,2,14,8315,7723,8081,7342,818887.6400,43,22,"2026-09-04 12:34:54"
2026-07-02,1007,3,4373,243,4130,4373,243,4130,3,35,4445,4227,4373,4130,454137.5200,50,20,"2026-09-04 12:34:54"
2026-07-02,1008,1,3106,358,2748,3106,358,2748,2,38,3243,2923,3106,2748,280038.3200,49,48,"2026-09-04 12:34:54"
2026-07-02,1008,2,9832,581,9251,9832,581,9251,0,22,10693,9089,9832,9251,1045053.5100,60,134,"2026-09-04 12:34:54"
2026-07-02,1008,3,4114,339,3775,4114,339,3775,0,13,4441,3834,4114,3775,413827.6600,28,56,"2026-09-04 12:34:54"
2026-07-02,1009,1,6149,461,5688,6149,461,5688,3,25,6492,5810,6149,5688,883279.9800,31,67,"2026-09-04 12:34:54"
2026-07-02,1009,2,3768,422,3346,3768,422,3346,1,22,3791,3423,3768,3346,103581.4700,26,147,"2026-09-04 12:34:54"
2026-07-02,1009,3,1689,108,1581,1689,108,1581,3,3,1752,1668,1689,1581,29226.2300,27,25,"2026-09-04 12:34:54"
2026-07-02,1010,1,2459,304,2155,2459,304,2155,2,10,2555,2289,2459,2155,70388.2300,31,114,"2026-09-04 12:34:54"
2026-07-02,1010,2,1612,154,1458,1612,154,1458,3,8,1728,1453,1612,1458,55663.0100,34,151,"2026-09-04 12:34:54"
2026-07-02,1010,3,1447,162,1285,1447,162,1285,3,17,1492,1367,1447,1285,99924.2000,55,90,"2026-09-04 12:34:54"
2026-07-02,1011,1,1790,225,1565,1790,225,1565,2,35,1876,1622,1790,1565,77718.7500,32,43,"2026-09-04 12:34:54"
2026-07-02,1011,2,3258,190,3068,3258,190,3068,3,22,3388,2961,3258,3068,21734.1100,45,10,"2026-09-04 12:34:54"
2026-07-02,1011,3,671,77,594,671,77,594,4,38,707,654,671,594,81079.9500,23,25,"2026-09-04 12:34:54"
2026-07-02,1012,1,13333,635,12698,13333,635,12698,3,33,14606,12788,13333,12698,805900.0500,84,88,"2026-09-04 12:34:54"
2026-07-02,1012,2,6925,723,6202,6925,723,6202,2,33,7119,6518,6925,6202,1077531.4600,32,10,"2026-09-04 12:34:54"
2026-07-02,1012,3,4195,282,3913,4195,282,3913,3,34,4452,4176,4195,3913,53322.0500,33,138,"2026-09-04 12:34:54"
2026-07-02,1013,1,7194,712,6482,7194,712,6482,3,14,7257,6952,7194,6482,224305.9000,40,52,"2026-09-04 12:34:54"
2026-07-02,1013,2,14549,1791,12758,14549,1791,12758,1,31,15797,14210,14549,12758,1016965.9000,86,120,"2026-09-04 12:34:54"
2026-07-02,1013,3,4388,425,3963,4388,425,3963,5,32,4764,4297,4388,3963,90575.0100,58,157,"2026-09-04 12:34:54"
2026-07-02,1014,1,18382,1229,17153,18382,1229,17153,2,12,18659,17220,18382,17153,2601233.5500,131,9,"2026-09-04 12:34:54"
2026-07-02,1014,2,2788,325,2463,2788,325,2463,2,1,2946,2729,2788,2463,158408.7500,74,114,"2026-09-04 12:34:54"
2026-07-02,1014,3,4687,375,4312,4687,375,4312,2,44,4840,4576,4687,4312,770456.6200,31,173,"2026-09-04 12:34:54"
2026-07-02,1015,1,8735,1078,7657,8735,1078,7657,4,46,8847,8160,8735,7657,1084450.8700,67,143,"2026-09-04 12:34:54"
2026-07-02,1015,2,14379,1181,13198,14379,1181,13198,0,12,15193,13788,14379,13198,699829.9600,77,3,"2026-09-04 12:34:54"
2026-07-02,1015,3,1116,138,978,1116,138,978,3,6,1176,1019,1116,978,79366.1000,23,35,"2026-09-04 12:34:54"
2026-07-02,1016,1,1201,156,1045,1201,156,1045,1,40,1252,1197,1201,1045,201197.2500,31,102,"2026-09-04 12:34:54"
2026-07-02,1016,2,12927,922,12005,12927,922,12005,3,41,13484,11691,12927,12005,844807.8000,85,61,"2026-09-04 12:34:54"
2026-07-02,1016,3,10222,725,9497,10222,725,9497,2,23,10680,10111,10222,9497,170721.9200,58,12,"2026-09-04 12:34:54"
2026-07-02,1017,1,3161,150,3011,3161,150,3011,1,41,3287,2913,3161,3011,473983.0500,38,111,"2026-09-04 12:34:54"
2026-07-02,1017,2,14122,1696,12426,14122,1696,12426,4,23,14635,13038,14122,12426,119122.7700,84,62,"2026-09-04 12:34:54"
2026-07-02,1017,3,4972,631,4341,4972,631,4341,4,35,5224,4584,4972,4341,529161.9000,61,105,"2026-09-04 12:34:54"
2026-07-02,1018,1,5027,333,4694,5027,333,4694,5,45,5450,4890,5027,4694,727547.2200,43,49,"2026-09-04 12:34:54"
2026-07-02,1018,2,4651,317,4334,4651,317,4334,4,19,4753,4264,4651,4334,331197.9400,35,101,"2026-09-04 12:34:54"
2026-07-02,1018,3,5145,292,4853,5145,292,4853,1,21,5532,4977,5145,4853,154878.5000,50,115,"2026-09-04 12:34:54"
2026-07-02,1019,1,6036,572,5464,6036,572,5464,4,30,6363,5966,6036,5464,279298.8600,32,97,"2026-09-04 12:34:54"
2026-07-02,1019,2,2314,163,2151,2314,163,2151,0,40,2465,2284,2314,2151,352425.1900,65,39,"2026-09-04 12:34:54"
2026-07-02,1019,3,2966,306,2660,2966,306,2660,1,37,3145,2747,2966,2660,129946.3100,31,91,"2026-09-04 12:34:54"
2026-07-02,1020,1,8242,899,7343,8242,899,7343,1,43,8916,7653,8242,7343,1014881.9700,44,70,"2026-09-04 12:34:54"
2026-07-02,1020,2,639,40,599,639,40,599,2,39,659,608,639,599,45563.4500,49,84,"2026-09-04 12:34:54"
2026-07-02,1020,3,9103,1053,8050,9103,1053,8050,4,5,9529,8827,9103,8050,166022.7300,46,177,"2026-09-04 12:34:54"
2026-07-02,1021,1,5005,364,4641,5005,364,4641,3,16,5031,4753,5005,4641,513575.1300,29,122,"2026-09-04 12:34:54"
2026-07-02,1021,2,7080,788,6292,7080,788,6292,5,25,7171,6450,7080,6292,1146796.1800,34,6,"2026-09-04 12:34:54"
2026-07-02,1021,3,8893,639,8254,8893,639,8254,4,21,8900,8074,8893,8254,1576940.9400,50,44,"2026-09-04 12:34:54"
2026-07-02,1022,1,6528,580,5948,6528,580,5948,3,42,6889,6070,6528,5948,765792.4300,33,114,"2026-09-04 12:34:54"
2026-07-02,1022,2,6507,473,6034,6507,473,6034,4,29,6714,6267,6507,6034,550397.0300,52,178,"2026-09-04 12:34:54"
2026-07-02,1022,3,4959,600,4359,4959,600,4359,2,35,5420,4833,4959,4359,22393.0900,32,93,"2026-09-04 12:34:54"
2026-07-02,1023,1,5666,552,5114,5666,552,5114,4,28,5879,5597,5666,5114,490047.0900,27,142,"2026-09-04 12:34:54"
2026-07-02,1023,2,1175,129,1046,1175,129,1046,5,6,1291,1084,1175,1046,148488.2500,25,171,"2026-09-04 12:34:54"
2026-07-02,1023,3,932,47,885,932,47,885,5,41,973,914,932,885,133999.6600,55,76,"2026-09-04 12:34:54"
2026-07-02,1024,1,5778,461,5317,5778,461,5317,1,20,6309,5580,5778,5317,791080.7500,30,1,"2026-09-04 12:34:54"
2026-07-02,1024,2,3932,388,3544,3932,388,3544,4,5,4020,3636,3932,3544,276113.5900,80,33,"2026-09-04 12:34:54"
2026-07-02,1024,3,5036,604,4432,5036,604,4432,2,32,5323,4882,5036,4432,218592.6600,126,166,"2026-09-04 12:34:54"
2026-07-02,1025,1,4764,562,4202,4764,562,4202,4,18,5202,4726,4764,4202,41133.3100,41,51,"2026-09-04 12:34:54"
2026-07-02,1025,2,1498,168,1330,1498,168,1330,3,49,1505,1370,1498,1330,244889.4400,40,91,"2026-09-04 12:34:54"
2026-07-02,1025,3,1006,85,921,1006,85,921,5,45,1080,956,1006,921,28966.8900,34,113,"2026-09-04 12:34:54"
2026-07-02,1026,1,339,42,297,339,42,297,1,19,345,309,339,297,31328.4700,29,21,"2026-09-04 12:34:54"
2026-07-02,1026,2,2425,205,2220,2425,205,2220,4,23,2610,2348,2425,2220,322557.5400,31,131,"2026-09-04 12:34:54"
2026-07-02,1026,3,1367,168,1199,1367,168,1199,2,43,1464,1355,1367,1199,38620.2400,46,84,"2026-09-04 12:34:54"
2026-07-02,1027,1,14915,1717,13198,14915,1717,13198,2,3,15194,13880,14915,13198,322688.2300,67,35,"2026-09-04 12:34:54"
2026-07-02,1027,2,6971,846,6125,6971,846,6125,1,18,7287,6441,6971,6125,515961.6500,51,106,"2026-09-04 12:34:54"
2026-07-02,1027,3,1256,149,1107,1256,149,1107,5,47,1366,1234,1256,1107,45880.8800,26,177,"2026-09-04 12:34:54"
2026-07-02,1028,1,10404,1308,9096,10404,1308,9096,0,30,10690,10375,10404,9096,866955.9100,55,90,"2026-09-04 12:34:54"
2026-07-02,1028,2,3987,454,3533,3987,454,3533,1,31,4036,3864,3987,3533,680192.5300,30,55,"2026-09-04 12:34:54"
2026-07-02,1028,3,6522,477,6045,6522,477,6045,3,14,6983,6009,6522,6045,137537.9500,32,20,"2026-09-04 12:34:54"
2026-07-02,1029,1,1949,253,1696,1949,253,1696,5,7,2140,1842,1949,1696,161303.4600,67,147,"2026-09-04 12:34:54"
2026-07-02,1029,2,976,126,850,976,126,850,5,35,979,974,976,850,114055.7900,36,133,"2026-09-04 12:34:54"
2026-07-02,1029,3,970,53,917,970,53,917,2,47,1046,911,970,917,110537.8100,24,168,"2026-09-04 12:34:54"
2026-07-02,1030,1,5229,365,4864,5229,365,4864,1,3,5553,5111,5229,4864,57489.6900,29,45,"2026-09-04 12:34:54"
2026-07-02,1030,2,7885,944,6941,7885,944,6941,5,48,7943,7539,7885,6941,515979.4800,36,10,"2026-09-04 12:34:54"
2026-07-02,1030,3,1643,92,1551,1643,92,1551,2,38,1701,1579,1643,1551,82675.2900,33,141,"2026-09-04 12:34:54"
2026-07-02,1031,1,3820,376,3444,3820,376,3444,3,49,3898,3742,3820,3444,438278.8600,38,77,"2026-09-04 12:34:54"
2026-07-02,1031,2,3312,244,3068,3312,244,3068,5,22,3583,2996,3312,3068,255577.7000,38,36,"2026-09-04 12:34:54"
2026-07-02,1031,3,2569,232,2337,2569,232,2337,5,3,2646,2360,2569,2337,337307.1700,23,168,"2026-09-04 12:34:54"
2026-07-02,1032,1,6933,502,6431,6933,502,6431,0,14,7498,6366,6933,6431,463933.5900,39,115,"2026-09-04 12:34:54"
2026-07-02,1032,2,4540,456,4084,4540,456,4084,5,10,4700,4420,4540,4084,399581.2500,29,63,"2026-09-04 12:34:54"
2026-07-02,1032,3,5302,588,4714,5302,588,4714,1,40,5656,4909,5302,4714,458473.9800,47,130,"2026-09-04 12:34:54"
2026-07-02,1033,1,4502,354,4148,4502,354,4148,4,47,4634,4377,4502,4148,50710.4400,36,84,"2026-09-04 12:34:54"
2026-07-02,1033,2,11315,844,10471,11315,844,10471,4,36,12134,11004,11315,10471,796898.0800,82,66,"2026-09-04 12:34:54"
2026-07-02,1033,3,3842,489,3353,3842,489,3353,0,7,4137,3563,3842,3353,648669.8500,37,21,"2026-09-04 12:34:54"
2026-07-02,1034,1,3963,437,3526,3963,437,3526,1,37,4261,3915,3963,3526,248383.8100,35,38,"2026-09-04 12:34:54"
2026-07-02,1034,2,1034,116,918,1034,116,918,1,28,1085,944,1034,918,106141.6500,31,122,"2026-09-04 12:34:54"
2026-07-02,1034,3,3164,244,2920,3164,244,2920,0,9,3331,3110,3164,2920,433502.4600,31,65,"2026-09-04 12:34:54"
2026-07-02,1035,1,807,51,756,807,51,756,4,19,843,777,807,756,33093.5700,31,5,"2026-09-04 12:34:54"
2026-07-02,1035,2,8419,990,7429,8419,990,7429,5,47,9040,7803,8419,7429,290454.6500,42,96,"2026-09-04 12:34:54"
2026-07-02,1035,3,19986,2417,17569,19986,2417,17569,5,19,21310,18206,19986,17569,2057562.0400,99,143,"2026-09-04 12:34:54"
2026-07-02,1036,1,8003,765,7238,8003,765,7238,0,26,8693,7444,8003,7238,356536.0100,37,103,"2026-09-04 12:34:54"
2026-07-02,1036,2,1651,165,1486,1651,165,1486,1,19,1768,1614,1651,1486,180107.9800,29,92,"2026-09-04 12:34:54"
2026-07-02,1036,3,4739,466,4273,4739,466,4273,1,34,4756,4271,4739,4273,742907.6100,44,25,"2026-09-04 12:34:54"
2026-07-02,1037,1,775,84,691,775,84,691,1,35,800,698,775,691,69202.3900,23,140,"2026-09-04 12:34:54"
2026-07-02,1037,2,3342,409,2933,3342,409,2933,1,5,3432,3225,3342,2933,281473.5200,94,73,"2026-09-04 12:34:54"
2026-07-02,1037,3,5375,337,5038,5375,337,5038,3,47,5737,5043,5375,5038,690628.5700,42,114,"2026-09-04 12:34:54"
2026-07-02,1038,1,3557,447,3110,3557,447,3110,4,46,3662,3217,3557,3110,590408.4400,52,177,"2026-09-04 12:34:54"
2026-07-02,1038,2,551,70,481,551,70,481,3,12,588,533,551,481,37327.7200,25,114,"2026-09-04 12:34:54"
2026-07-02,1038,3,2266,147,2119,2266,147,2119,2,41,2319,2041,2266,2119,349259.1500,40,121,"2026-09-04 12:34:54"
2026-07-02,1039,1,3160,332,2828,3160,332,2828,0,9,3432,2861,3160,2828,451031.2600,22,54,"2026-09-04 12:34:54"
2026-07-02,1039,2,3929,230,3699,3929,230,3699,4,13,4129,3721,3929,3699,420058.4400,45,23,"2026-09-04 12:34:54"
2026-07-02,1039,3,1306,123,1183,1306,123,1183,2,30,1410,1201,1306,1183,140333.8100,51,74,"2026-09-04 12:34:54"
2026-07-02,1040,1,3616,314,3302,3616,314,3302,1,12,3964,3399,3616,3302,61473.7700,41,62,"2026-09-04 12:34:54"
2026-07-02,1040,2,818,90,728,818,90,728,2,1,832,802,818,728,68708.2000,45,169,"2026-09-04 12:34:54"
2026-07-02,1040,3,5124,258,4866,5124,258,4866,4,49,5472,4709,5124,4866,466021.2500,53,39,"2026-09-04 12:34:54"
2026-07-02,1041,1,6755,590,6165,6755,590,6165,3,47,6880,6330,6755,6165,333177.0200,32,76,"2026-09-04 12:34:54"
2026-07-02,1041,2,4221,290,3931,4221,290,3931,5,6,4552,4012,4221,3931,75878.0500,23,44,"2026-09-04 12:34:54"
2026-07-02,1041,3,20827,2404,18423,20827,2404,18423,5,24,21224,19044,20827,18423,2843682.6100,109,100,"2026-09-04 12:34:54"
2026-07-02,1042,1,1169,79,1090,1169,79,1090,3,24,1224,1064,1169,1090,42658.6300,23,136,"2026-09-04 12:34:54"
2026-07-02,1042,2,3512,179,3333,3512,179,3333,1,15,3850,3319,3512,3333,392489.9900,23,176,"2026-09-04 12:34:54"
2026-07-02,1042,3,5191,257,4934,5191,257,4934,1,28,5307,5017,5191,4934,859419.6200,28,15,"2026-09-04 12:34:54"
2026-07-02,1043,1,5980,408,5572,5980,408,5572,2,15,6131,5500,5980,5572,839824.2800,32,72,"2026-09-04 12:34:54"
2026-07-02,1043,2,14540,1356,13184,14540,1356,13184,5,44,15854,13674,14540,13184,2613204.8400,103,127,"2026-09-04 12:34:54"
2026-07-02,1043,3,913,75,838,913,75,838,1,35,994,884,913,838,36445.3100,39,6,"2026-09-04 12:34:54"
2026-07-02,1044,1,11054,822,10232,11054,822,10232,3,17,11947,10727,11054,10232,975471.4500,58,126,"2026-09-04 12:34:54"
2026-07-02,1044,2,9828,1281,8547,9828,1281,8547,0,39,10539,9747,9828,8547,622656.2800,76,139,"2026-09-04 12:34:54"
2026-07-02,1044,3,2696,176,2520,2696,176,2520,4,2,2795,2591,2696,2520,429375.2600,32,138,"2026-09-04 12:34:54"
2026-07-02,1045,1,3169,403,2766,3169,403,2766,2,1,3327,2894,3169,2766,157989.5100,76,48,"2026-09-04 12:34:54"
2026-07-02,1045,2,11926,1073,10853,11926,1073,10853,2,50,12658,11583,11926,10853,1244057.6500,87,119,"2026-09-04 12:34:54"
2026-07-02,1045,3,7493,579,6914,7493,579,6914,5,31,7874,7177,7493,6914,342005.5100,61,13,"2026-09-04 12:34:54"
2026-07-02,1046,1,3209,355,2854,3209,355,2854,3,5,3350,2985,3209,2854,99535.9500,40,61,"2026-09-04 12:34:54"
2026-07-02,1046,2,3796,428,3368,3796,428,3368,5,12,3851,3657,3796,3368,83345.4400,32,92,"2026-09-04 12:34:54"
2026-07-02,1046,3,629,57,572,629,57,572,4,6,636,613,629,572,12844.0400,35,172,"2026-09-04 12:34:54"
2026-07-02,1047,1,14528,1697,12831,14528,1697,12831,2,37,15684,14170,14528,12831,354771.6900,77,167,"2026-09-04 12:34:54"
2026-07-02,1047,2,2621,181,2440,2621,181,2440,3,30,2791,2449,2621,2440,102846.4800,19,93,"2026-09-04 12:34:54"
2026-07-02,1047,3,2907,244,2663,2907,244,2663,1,36,3111,2799,2907,2663,521827.3600,53,12,"2026-09-04 12:34:54"
2026-07-02,1048,1,6757,813,5944,6757,813,5944,1,39,6833,6099,6757,5944,1180981.8800,43,71,"2026-09-04 12:34:54"
2026-07-02,1048,2,766,45,721,766,45,721,4,17,782,729,766,721,8457.4800,27,37,"2026-09-04 12:34:54"
2026-07-02,1048,3,16394,1818,14576,16394,1818,14576,0,1,17837,16309,16394,14576,1855080.5300,83,17,"2026-09-04 12:34:54"
2026-07-02,1049,1,2723,243,2480,2723,243,2480,5,24,2741,2708,2723,2480,215712.7900,57,27,"2026-09-04 12:34:54"
2026-07-02,1049,2,4498,521,3977,4498,521,3977,5,38,4761,4233,4498,3977,498725.7900,59,1,"2026-09-04 12:34:54"
2026-07-02,1049,3,4529,404,4125,4529,404,4125,0,14,4560,4293,4529,4125,401496.2600,47,14,"2026-09-04 12:34:54"
2026-07-02,1050,1,7794,476,7318,7794,476,7318,1,2,7866,7360,7794,7318,702285.0500,37,70,"2026-09-04 12:34:54"
2026-07-02,1050,2,6931,876,6055,6931,876,6055,0,5,7494,6654,6931,6055,734929.0800,38,46,"2026-09-04 12:34:54"
2026-07-02,1050,3,2485,242,2243,2485,242,2243,2,27,2593,2457,2485,2243,290639.1100,19,62,"2026-09-04 12:34:54"
2026-07-03,1001,1,9104,947,8157,9104,947,8157,1,1,9987,8717,9104,8157,133016.9500,47,22,"2026-09-04 12:34:54"
2026-07-03,1001,2,9193,815,8378,9193,815,8378,1,2,9240,8435,9193,8378,617528.7800,71,104,"2026-09-04 12:34:54"
2026-07-03,1001,3,8180,1045,7135,8180,1045,7135,5,12,8340,8142,8180,7135,422928.9400,39,91,"2026-09-04 12:34:54"
2026-07-03,1002,1,10406,1189,9217,10406,1189,9217,2,12,11265,9718,10406,9217,1611184.1800,74,27,"2026-09-04 12:34:54"
2026-07-03,1002,2,6629,709,5920,6629,709,5920,1,4,7006,6525,6629,5920,488822.2700,44,107,"2026-09-04 12:34:54"
2026-07-03,1002,3,2375,240,2135,2375,240,2135,3,41,2485,2195,2375,2135,102848.3400,71,166,"2026-09-04 12:34:54"
2026-07-03,1003,1,3251,196,3055,3251,196,3055,1,6,3522,2964,3251,3055,589102.4900,23,120,"2026-09-04 12:34:54"
2026-07-03,1003,2,10834,1209,9625,10834,1209,9625,5,41,11391,9842,10834,9625,1443679.0200,61,95,"2026-09-04 12:34:54"
2026-07-03,1003,3,6205,771,5434,6205,771,5434,1,28,6443,6196,6205,5434,896105.5800,36,76,"2026-09-04 12:34:54"
2026-07-03,1004,1,19792,1147,18645,19792,1147,18645,3,32,20115,18133,19792,18645,390259.1800,101,86,"2026-09-04 12:34:54"
2026-07-03,1004,2,6055,646,5409,6055,646,5409,1,18,6569,5936,6055,5409,683489.1000,33,57,"2026-09-04 12:34:54"
2026-07-03,1004,3,4160,438,3722,4160,438,3722,2,25,4395,3804,4160,3722,485468.8100,40,161,"2026-09-04 12:34:54"
2026-07-03,1005,1,4621,511,4110,4621,511,4110,4,31,4985,4294,4621,4110,729501.2200,31,21,"2026-09-04 12:34:54"
2026-07-03,1005,2,2538,218,2320,2538,218,2320,5,28,2742,2420,2538,2320,198581.7400,38,114,"2026-09-04 12:34:54"
2026-07-03,1005,3,9835,1021,8814,9835,1021,8814,1,12,9920,9206,9835,8814,1126780.9200,46,20,"2026-09-04 12:34:54"
2026-07-03,1006,1,8200,452,7748,8200,452,7748,5,42,8207,7496,8200,7748,176295.7300,49,87,"2026-09-04 12:34:54"
2026-07-03,1006,2,3719,203,3516,3719,203,3516,0,8,3893,3356,3719,3516,595543.3700,20,36,"2026-09-04 12:34:54"
2026-07-03,1006,3,9676,815,8861,9676,815,8861,2,33,10405,8890,9676,8861,274256.3300,60,151,"2026-09-04 12:34:54"
2026-07-03,1007,1,7456,881,6575,7456,881,6575,5,24,7954,6833,7456,6575,327673.3500,54,3,"2026-09-04 12:34:54"
2026-07-03,1007,2,8262,1010,7252,8262,1010,7252,1,28,8860,7570,8262,7252,676533.1300,43,114,"2026-09-04 12:34:54"
2026-07-03,1007,3,4535,425,4110,4535,425,4110,1,18,4664,4329,4535,4110,671938.9100,50,25,"2026-09-04 12:34:54"
2026-07-03,1008,1,3157,244,2913,3157,244,2913,2,22,3329,3093,3157,2913,264751.4900,52,171,"2026-09-04 12:34:54"
2026-07-03,1008,2,10483,1053,9430,10483,1053,9430,1,1,11528,10169,10483,9430,1249248.1800,62,48,"2026-09-04 12:34:54"
2026-07-03,1008,3,4229,477,3752,4229,477,3752,1,45,4608,3902,4229,3752,380837.8100,28,58,"2026-09-04 12:34:54"
2026-07-03,1009,1,6001,353,5648,6001,353,5648,0,43,6464,5473,6001,5648,548505.3100,31,156,"2026-09-04 12:34:54"
2026-07-03,1009,2,3502,203,3299,3502,203,3299,1,23,3573,3266,3502,3299,393144.2700,26,41,"2026-09-04 12:34:54"
2026-07-03,1009,3,1708,141,1567,1708,141,1567,3,26,1812,1595,1708,1567,83239.3800,27,39,"2026-09-04 12:34:54"
2026-07-03,1010,1,2306,172,2134,2306,172,2134,2,22,2324,2114,2306,2134,79929.9400,31,175,"2026-09-04 12:34:54"
2026-07-03,1010,2,1590,143,1447,1590,143,1447,5,34,1689,1440,1590,1447,33614.0400,34,80,"2026-09-04 12:34:54"
2026-07-03,1010,3,1411,168,1243,1411,168,1243,4,41,1517,1291,1411,1243,96245.1100,54,125,"2026-09-04 12:34:54"
2026-07-03,1011,1,1796,220,1576,1796,220,1576,0,18,1874,1667,1796,1576,151924.4200,32,125,"2026-09-04 12:34:54"
2026-07-03,1011,2,3398,325,3073,3398,325,3073,3,12,3446,3327,3398,3073,576714.2100,45,129,"2026-09-04 12:34:54"
2026-07-03,1011,3,638,53,585,638,53,585,3,22,672,617,638,585,97801.0700,23,109,"2026-09-04 12:34:54"
2026-07-03,1012,1,13698,916,12782,13698,916,12782,4,12,14241,12646,13698,12782,2228258.6700,84,142,"2026-09-04 12:34:54"
2026-07-03,1012,2,6537,430,6107,6537,430,6107,1,2,6643,5956,6537,6107,888565.6700,32,35,"2026-09-04 12:34:54"
2026-07-03,1012,3,4094,237,3857,4094,237,3857,2,46,4284,4072,4094,3857,57896.2100,32,1,"2026-09-04 12:34:54"
2026-07-03,1013,1,8323,959,7364,8323,959,7364,0,46,9070,7644,8323,7364,320962.4100,45,171,"2026-09-04 12:34:54"
2026-07-03,1013,2,13453,655,12798,13453,655,12798,4,3,13969,12121,13453,12798,196255.1200,86,88,"2026-09-04 12:34:54"
2026-07-03,1013,3,4359,286,4073,4359,286,4073,1,36,4662,4110,4359,4073,173634.2800,59,110,"2026-09-04 12:34:54"
2026-07-03,1014,1,18507,1525,16982,18507,1525,16982,1,32,19353,17249,18507,16982,1208465.6400,130,67,"2026-09-04 12:34:54"
2026-07-03,1014,2,2726,254,2472,2726,254,2472,5,24,2919,2471,2726,2472,221695.4100,74,140,"2026-09-04 12:34:54"
2026-07-03,1014,3,4845,573,4272,4845,573,4272,3,25,5154,4700,4845,4272,419241.5700,31,4,"2026-09-04 12:34:54"
2026-07-03,1015,1,8299,582,7717,8299,582,7717,1,29,8376,7554,8299,7717,1012249.6200,68,19,"2026-09-04 12:34:54"
2026-07-03,1015,2,13138,1127,12011,13138,1127,12011,4,6,13511,13078,13138,12011,1214385.6200,70,28,"2026-09-04 12:34:54"
2026-07-03,1015,3,1030,65,965,1030,65,965,3,7,1101,968,1030,965,53730.4000,23,109,"2026-09-04 12:34:54"
2026-07-03,1016,1,1142,107,1035,1142,107,1035,5,35,1221,1101,1142,1035,90183.7700,31,1,"2026-09-04 12:34:54"
2026-07-03,1016,2,13630,1503,12127,13630,1503,12127,4,37,14009,13603,13630,12127,2376087.9400,86,69,"2026-09-04 12:34:54"
2026-07-03,1016,3,10562,1324,9238,10562,1324,9238,3,27,11570,10149,10562,9238,845004.8300,56,47,"2026-09-04 12:34:54"
2026-07-03,1017,1,3166,199,2967,3166,199,2967,1,30,3268,2955,3166,2967,441932.6700,38,162,"2026-09-04 12:34:54"
2026-07-03,1017,2,13369,1357,12012,13369,1357,12012,4,34,13941,12755,13369,12012,2258160.2300,81,110,"2026-09-04 12:34:54"
2026-07-03,1017,3,4712,511,4201,4712,511,4201,3,2,4850,4288,4712,4201,803599.6500,59,31,"2026-09-04 12:34:54"
2026-07-03,1018,1,5210,375,4835,5210,375,4835,2,49,5470,5048,5210,4835,150175.1600,44,144,"2026-09-04 12:34:54"
2026-07-03,1018,2,4584,312,4272,4584,312,4272,2,12,5034,4529,4584,4272,426374.4700,35,129,"2026-09-04 12:34:54"
2026-07-03,1018,3,5305,681,4624,5305,681,4624,0,2,5732,4947,5305,4624,828412.1700,48,131,"2026-09-04 12:34:54"
2026-07-03,1019,1,5841,528,5313,5841,528,5313,0,37,6183,5515,5841,5313,711480.2800,31,85,"2026-09-04 12:34:54"
2026-07-03,1019,2,2362,242,2120,2362,242,2120,5,43,2437,2150,2362,2120,230348.8800,64,180,"2026-09-04 12:34:54"
2026-07-03,1019,3,3134,244,2890,3134,244,2890,2,12,3336,2901,3134,2890,110885.6300,34,54,"2026-09-04 12:34:54"
2026-07-03,1020,1,7773,487,7286,7773,487,7286,2,33,7888,7656,7773,7286,399053.7800,43,88,"2026-09-04 12:34:54"
2026-07-03,1020,2,684,84,600,684,84,600,1,38,741,657,684,600,34305.7000,50,164,"2026-09-04 12:34:54"
2026-07-03,1020,3,8452,786,7666,8452,786,7666,3,29,8998,8272,8452,7666,720815.4400,44,87,"2026-09-04 12:34:54"
2026-07-03,1021,1,4940,338,4602,4940,338,4602,0,32,5422,4705,4940,4602,426853.5800,29,88,"2026-09-04 12:34:54"
2026-07-03,1021,2,6778,580,6198,6778,580,6198,0,17,6943,6720,6778,6198,741723.1100,33,28,"2026-09-04 12:34:54"
2026-07-03,1021,3,9386,1018,8368,9386,1018,8368,5,34,10288,8496,9386,8368,1367292.2800,50,68,"2026-09-04 12:34:54"
2026-07-03,1022,1,6498,636,5862,6498,636,5862,2,15,6897,6025,6498,5862,147320.4600,33,56,"2026-09-04 12:34:54"
2026-07-03,1022,2,6933,400,6533,6933,400,6533,0,49,6965,6562,6933,6533,523842.2500,56,47,"2026-09-04 12:34:54"
2026-07-03,1022,3,4617,287,4330,4617,287,4330,1,33,4809,4603,4617,4330,467415.6000,32,113,"2026-09-04 12:34:54"
2026-07-03,1023,1,5677,636,5041,5677,636,5041,0,22,5746,5240,5677,5041,326785.8800,27,150,"2026-09-04 12:34:54"
2026-07-03,1023,2,1177,145,1032,1177,145,1032,4,31,1191,1115,1177,1032,94045.2400,25,30,"2026-09-04 12:34:54"
2026-07-03,1023,3,999,63,936,999,63,936,3,7,1075,992,999,936,16251.6000,58,113,"2026-09-04 12:34:54"
2026-07-03,1024,1,5782,674,5108,5782,674,5108,4,43,6315,5738,5782,5108,287950.3900,29,103,"2026-09-04 12:34:54"
2026-07-03,1024,2,3758,369,3389,3758,369,3389,2,47,4080,3486,3758,3389,55030.3900,77,170,"2026-09-04 12:34:54"
2026-07-03,1024,3,4775,397,4378,4775,397,4378,4,0,5110,4377,4775,4378,857509.0600,125,145,"2026-09-04 12:34:54"
2026-07-03,1025,1,4753,612,4141,4753,612,4141,1,50,5144,4749,4753,4141,179571.9100,40,164,"2026-09-04 12:34:54"
2026-07-03,1025,2,1463,151,1312,1463,151,1312,2,41,1585,1338,1463,1312,232727.5200,39,66,"2026-09-04 12:34:54"
2026-07-03,1025,3,998,91,907,998,91,907,5,49,1043,952,998,907,150674.5200,33,75,"2026-09-04 12:34:54"
2026-07-03,1026,1,310,16,294,310,16,294,2,1,323,292,310,294,33974.6100,29,33,"2026-09-04 12:34:54"
2026-07-03,1026,2,2326,125,2201,2326,125,2201,4,12,2504,2260,2326,2201,92852.5900,31,69,"2026-09-04 12:34:54"
2026-07-03,1026,3,1316,115,1201,1316,115,1201,4,37,1407,1233,1316,1201,143044.7500,46,155,"2026-09-04 12:34:54"
2026-07-03,1027,1,14180,786,13394,14180,786,13394,4,33,15471,13978,14180,13394,406823.5300,68,179,"2026-09-04 12:34:54"
2026-07-03,1027,2,7447,857,6590,7447,857,6590,4,43,8159,6823,7447,6590,1241854.7700,55,79,"2026-09-04 12:34:54"
2026-07-03,1027,3,1152,59,1093,1152,59,1093,2,23,1237,1069,1152,1093,191864.2400,26,150,"2026-09-04 12:34:54"
2026-07-03,1028,1,9543,614,8929,9543,614,8929,5,40,9549,8641,9543,8929,1208906.4200,54,120,"2026-09-04 12:34:54"
2026-07-03,1028,2,3828,327,3501,3828,327,3501,3,21,3876,3725,3828,3501,268168.1700,30,107,"2026-09-04 12:34:54"
2026-07-03,1028,3,6653,668,5985,6653,668,5985,2,30,6674,6567,6653,5985,112472.7900,32,38,"2026-09-04 12:34:54"
2026-07-03,1029,1,1790,144,1646,1790,144,1646,1,39,1804,1616,1790,1646,186510.7400,65,164,"2026-09-04 12:34:54"
2026-07-03,1029,2,1052,87,965,1052,87,965,3,29,1073,1049,1052,965,163821.2800,41,77,"2026-09-04 12:34:54"
2026-07-03,1029,3,972,68,904,972,68,904,2,39,1015,934,972,904,76132.4500,24,30,"2026-09-04 12:34:54"
2026-07-03,1030,1,5412,282,5130,5412,282,5130,3,32,5453,4987,5412,5130,629128.9900,30,34,"2026-09-04 12:34:54"
2026-07-03,1030,2,7592,702,6890,7592,702,6890,3,29,7782,7017,7592,6890,1114369.8200,36,148,"2026-09-04 12:34:54"
2026-07-03,1030,3,1672,134,1538,1672,134,1538,5,4,1771,1578,1672,1538,252393.9400,33,103,"2026-09-04 12:34:54"
2026-07-03,1031,1,3863,446,3417,3863,446,3417,5,21,3948,3728,3863,3417,557668.1800,38,127,"2026-09-04 12:34:54"
2026-07-03,1031,2,3344,319,3025,3344,319,3025,3,46,3659,3341,3344,3025,295595.6800,38,137,"2026-09-04 12:34:54"
2026-07-03,1031,3,2466,144,2322,2466,144,2322,4,21,2509,2232,2466,2322,23895.9100,23,156,"2026-09-04 12:34:54"
2026-07-03,1032,1,6862,470,6392,6862,470,6392,1,36,7450,6542,6862,6392,95284.8600,39,113,"2026-09-04 12:34:54"
2026-07-03,1032,2,4317,258,4059,4317,258,4059,1,50,4538,4037,4317,4059,805951.8500,29,167,"2026-09-04 12:34:54"
2026-07-03,1032,3,5083,630,4453,5083,630,4453,1,5,5499,5046,5083,4453,608443.3300,44,56,"2026-09-04 12:34:54"
2026-07-03,1033,1,4902,422,4480,4902,422,4480,4,49,5172,4652,4902,4480,247981.9200,39,54,"2026-09-04 12:34:54"
2026-07-03,1033,2,11121,532,10589,11121,532,10589,3,29,11446,10691,11121,10589,94136.3400,83,81,"2026-09-04 12:34:54"
2026-07-03,1033,3,3557,232,3325,3557,232,3325,3,3,3759,3296,3557,3325,616719.9300,37,43,"2026-09-04 12:34:54"
2026-07-03,1034,1,3673,197,3476,3673,197,3476,3,10,4009,3391,3673,3476,192684.2800,35,141,"2026-09-04 12:34:54"
2026-07-03,1034,2,976,71,905,976,71,905,2,28,1032,967,976,905,72571.4600,31,2,"2026-09-04 12:34:54"
2026-07-03,1034,3,3111,215,2896,3111,215,2896,0,23,3344,2844,3111,2896,242948.3500,31,66,"2026-09-04 12:34:54"
2026-07-03,1035,1,782,37,745,782,37,745,3,28,796,780,782,745,26698.5100,31,84,"2026-09-04 12:34:54"
2026-07-03,1035,2,8254,669,7585,8254,669,7585,1,23,8334,7892,8254,7585,736256.1300,43,53,"2026-09-04 12:34:54"
2026-07-03,1035,3,19721,2091,17630,19721,2091,17630,5,26,21009,19220,19721,17630,978832.5700,100,147,"2026-09-04 12:34:54"
2026-07-03,1036,1,7795,666,7129,7795,666,7129,2,6,8229,7570,7795,7129,159061.5200,37,62,"2026-09-04 12:34:54"
2026-07-03,1036,2,1646,174,1472,1646,174,1472,2,10,1646,1628,1646,1472,225067.3500,29,143,"2026-09-04 12:34:54"
2026-07-03,1036,3,4957,534,4423,4957,534,4423,3,47,5365,4564,4957,4423,793644.2600,46,79,"2026-09-04 12:34:54"
2026-07-03,1037,1,751,70,681,751,70,681,2,1,799,684,751,681,76133.8000,22,2,"2026-09-04 12:34:54"
2026-07-03,1037,2,3210,348,2862,3210,348,2862,2,2,3264,3019,3210,2862,541969.7600,92,92,"2026-09-04 12:34:54"
2026-07-03,1037,3,4818,411,4407,4818,411,4407,0,0,5121,4363,4818,4407,480445.8200,37,49,"2026-09-04 12:34:54"
2026-07-03,1038,1,3771,468,3303,3771,468,3303,2,50,3771,3491,3771,3303,603465.5600,55,68,"2026-09-04 12:34:54"
2026-07-03,1038,2,538,63,475,538,63,475,5,31,578,498,538,475,94712.2200,25,117,"2026-09-04 12:34:54"
2026-07-03,1038,3,2596,290,2306,2596,290,2306,0,2,2697,2467,2596,2306,249313.3400,44,36,"2026-09-04 12:34:54"
2026-07-03,1039,1,3013,208,2805,3013,208,2805,3,18,3016,2727,3013,2805,448303.1800,22,147,"2026-09-04 12:34:54"
2026-07-03,1039,2,4377,544,3833,4377,544,3833,1,45,4627,4098,4377,3833,709719.4400,46,177,"2026-09-04 12:34:54"
2026-07-03,1039,3,1288,153,1135,1288,153,1135,3,35,1295,1196,1288,1135,149132.2600,49,103,"2026-09-04 12:34:54"
2026-07-03,1040,1,3677,424,3253,3677,424,3253,2,15,3791,3310,3677,3253,124119.1600,41,80,"2026-09-04 12:34:54"
2026-07-03,1040,2,829,107,722,829,107,722,3,12,864,765,829,722,93638.9800,45,117,"2026-09-04 12:34:54"
2026-07-03,1040,3,5580,684,4896,5580,684,4896,3,36,5956,5506,5580,4896,967985.8500,53,30,"2026-09-04 12:34:54"
2026-07-03,1041,1,6267,749,5518,6267,749,5518,3,38,6744,5932,6267,5518,885484.9600,29,28,"2026-09-04 12:34:54"
2026-07-03,1041,2,4240,337,3903,4240,337,3903,0,23,4342,3829,4240,3903,215780.6600,23,87,"2026-09-04 12:34:54"
2026-07-03,1041,3,19321,954,18367,19321,954,18367,4,0,20321,17390,19321,18367,868356.8300,108,101,"2026-09-04 12:34:54"
2026-07-03,1042,1,1214,140,1074,1214,140,1074,0,3,1297,1145,1214,1074,125305.0300,23,5,"2026-09-04 12:34:54"
2026-07-03,1042,2,3458,169,3289,3458,169,3289,5,20,3690,3285,3458,3289,75506.0400,22,87,"2026-09-04 12:34:54"
2026-07-03,1042,3,5224,359,4865,5224,359,4865,4,42,5345,4766,5224,4865,213446.0100,28,126,"2026-09-04 12:34:54"
2026-07-03,1043,1,6749,748,6001,6749,748,6001,5,33,6895,6224,6749,6001,153853.9100,35,86,"2026-09-04 12:34:54"
2026-07-03,1043,2,14019,1418,12601,14019,1418,12601,2,10,14715,13375,14019,12601,1815589.8500,98,22,"2026-09-04 12:34:54"
2026-07-03,1043,3,1019,130,889,1019,130,889,5,25,1117,941,1019,889,160141.7600,42,127,"2026-09-04 12:34:54"
2026-07-03,1044,1,11043,1075,9968,11043,1075,9968,1,22,12006,10620,11043,9968,1829251.4700,56,176,"2026-09-04 12:34:54"
2026-07-03,1044,2,9080,733,8347,9080,733,8347,0,34,9645,9072,9080,8347,1308341.9200,74,178,"2026-09-04 12:34:54"
2026-07-03,1044,3,2427,133,2294,2427,133,2294,4,22,2486,2358,2427,2294,125102.2100,29,75,"2026-09-04 12:34:54"
2026-07-03,1045,1,2892,166,2726,2892,166,2726,2,40,3028,2617,2892,2726,299022.2700,75,25,"2026-09-04 12:34:54"
2026-07-03,1045,2,11473,1465,10008,11473,1465,10008,3,12,11550,10327,11473,10008,359675.6100,80,74,"2026-09-04 12:34:54"
2026-07-03,1045,3,7663,649,7014,7663,649,7014,3,6,7939,7106,7663,7014,140214.3400,62,35,"2026-09-04 12:34:54"
2026-07-03,1046,1,2988,176,2812,2988,176,2812,5,15,3098,2937,2988,2812,355346.9800,40,115,"2026-09-04 12:34:54"
2026-07-03,1046,2,3834,361,3473,3834,361,3473,5,13,4051,3482,3834,3473,643807.6800,33,119,"2026-09-04 12:34:54"
2026-07-03,1046,3,596,28,568,596,28,568,4,2,647,562,596,568,108109.4600,35,133,"2026-09-04 12:34:54"
2026-07-03,1047,1,12974,619,12355,12974,619,12355,1,18,14074,12861,12974,12355,1173449.5400,74,35,"2026-09-04 12:34:54"
2026-07-03,1047,2,2682,261,2421,2682,261,2421,1,4,2943,2615,2682,2421,16781.7300,19,65,"2026-09-04 12:34:54"
2026-07-03,1047,3,2994,256,2738,2994,256,2738,2,43,3104,2911,2994,2738,489713.0600,54,102,"2026-09-04 12:34:54"
2026-07-03,1048,1,7413,582,6831,7413,582,6831,4,6,7531,7256,7413,6831,858970.9000,50,68,"2026-09-04 12:34:54"
2026-07-03,1048,2,820,105,715,820,105,715,0,41,860,738,820,715,134170.6300,27,172,"2026-09-04 12:34:54"
2026-07-03,1048,3,16649,2073,14576,16649,2073,14576,5,30,17386,15548,16649,14576,1522096.9000,83,41,"2026-09-04 12:34:54"
2026-07-03,1049,1,2535,161,2374,2535,161,2374,3,12,2680,2330,2535,2374,184910.6100,55,67,"2026-09-04 12:34:54"
2026-07-03,1049,2,4190,290,3900,4190,290,3900,3,47,4493,3795,4190,3900,370607.0700,58,39,"2026-09-04 12:34:54"
2026-07-03,1049,3,4614,545,4069,4614,545,4069,3,38,4980,4197,4614,4069,393476.0100,46,127,"2026-09-04 12:34:54"
2026-07-03,1050,1,7649,384,7265,7649,384,7265,4,46,7657,7371,7649,7265,1388538.1200,37,105,"2026-09-04 12:34:54"
2026-07-03,1050,2,6743,777,5966,6743,777,5966,2,38,7383,6489,6743,5966,450957.8000,38,127,"2026-09-04 12:34:54"
2026-07-03,1050,3,2359,132,2227,2359,132,2227,5,17,2419,2254,2359,2227,432569.3700,19,12,"2026-09-04 12:34:54"
2026-07-04,1001,1,8054,823,7231,8054,823,7231,1,16,8803,7469,8054,7231,836251.7200,42,105,"2026-09-04 12:34:54"
2026-07-04,1001,2,9321,954,8367,9321,954,8367,2,15,9543,8803,9321,8367,873468.5400,70,35,"2026-09-04 12:34:54"
2026-07-04,1001,3,8133,1013,7120,8133,1013,7120,2,35,8799,7911,8133,7120,1325675.8200,39,60,"2026-09-04 12:34:54"
2026-07-04,1002,1,10633,817,9816,10633,817,9816,3,22,11318,10276,10633,9816,302265.4700,79,46,"2026-09-04 12:34:54"
2026-07-04,1002,2,6665,801,5864,6665,801,5864,5,7,6947,6205,6665,5864,800402.7500,43,102,"2026-09-04 12:34:54"
2026-07-04,1002,3,2388,274,2114,2388,274,2114,1,24,2508,2172,2388,2114,109853.4900,70,73,"2026-09-04 12:34:54"
2026-07-04,1003,1,3281,247,3034,3281,247,3034,4,24,3436,3212,3281,3034,542060.2400,23,105,"2026-09-04 12:34:54"
2026-07-04,1003,2,10184,1283,8901,10184,1283,8901,4,38,10383,10102,10184,8901,603820.6500,56,108,"2026-09-04 12:34:54"
2026-07-04,1003,3,5910,556,5354,5910,556,5354,0,11,6319,5659,5910,5354,435205.2100,35,158,"2026-09-04 12:34:54"
2026-07-04,1004,1,21305,2545,18760,21305,2545,18760,4,44,22341,20066,21305,18760,1440081.3500,102,74,"2026-09-04 12:34:54"
2026-07-04,1004,2,5630,303,5327,5630,303,5327,3,2,5699,5280,5630,5327,383162.8500,33,145,"2026-09-04 12:34:54"
2026-07-04,1004,3,4326,278,4048,4326,278,4048,0,40,4553,4058,4326,4048,176273.6900,43,43,"2026-09-04 12:34:54"
2026-07-04,1005,1,4011,272,3739,4011,272,3739,0,10,4147,3705,4011,3739,603179.5700,28,179,"2026-09-04 12:34:54"
2026-07-04,1005,2,2549,267,2282,2549,267,2282,1,44,2702,2313,2549,2282,454562.9900,37,156,"2026-09-04 12:34:54"
2026-07-04,1005,3,9204,969,8235,9204,969,8235,1,22,9600,9033,9204,8235,1560671.7900,43,2,"2026-09-04 12:34:54"
2026-07-04,1006,1,8813,509,8304,8813,509,8304,2,33,9483,8730,8813,8304,1496682.6300,52,116,"2026-09-04 12:34:54"
2026-07-04,1006,2,3979,489,3490,3979,489,3490,4,40,4303,3725,3979,3490,407595.9500,20,85,"2026-09-04 12:34:54"
2026-07-04,1006,3,10593,1308,9285,10593,1308,9285,3,5,11030,9739,10593,9285,1772955.1800,63,172,"2026-09-04 12:34:54"
2026-07-04,1007,1,6535,311,6224,6535,311,6224,4,28,6860,6124,6535,6224,776913.1000,51,12,"2026-09-04 12:34:54"
2026-07-04,1007,2,7794,712,7082,7794,712,7082,1,18,7830,7468,7794,7082,982201.0200,42,49,"2026-09-04 12:34:54"
2026-07-04,1007,3,4145,342,3803,4145,342,3803,3,8,4392,3732,4145,3803,407001.0000,46,165,"2026-09-04 12:34:54"
2026-07-04,1008,1,3386,436,2950,3386,436,2950,2,5,3587,3068,3386,2950,344741.3400,52,158,"2026-09-04 12:34:54"
2026-07-04,1008,2,9862,603,9259,9862,603,9259,0,10,10569,9785,9862,9259,1629672.0400,60,128,"2026-09-04 12:34:54"
2026-07-04,1008,3,4029,300,3729,4029,300,3729,1,17,4057,3936,4029,3729,303646.6600,28,15,"2026-09-04 12:34:54"
2026-07-04,1009,1,6434,826,5608,6434,826,5608,1,12,6725,5845,6434,5608,641307.9000,31,82,"2026-09-04 12:34:54"
2026-07-04,1009,2,3733,480,3253,3733,480,3253,0,37,3906,3507,3733,3253,266431.7300,25,30,"2026-09-04 12:34:54"
2026-07-04,1009,3,1763,210,1553,1763,210,1553,4,50,1785,1752,1763,1553,28113.7300,27,77,"2026-09-04 12:34:54"
2026-07-04,1010,1,2288,175,2113,2288,175,2113,4,36,2435,2267,2288,2113,278284.3500,31,8,"2026-09-04 12:34:54"
2026-07-04,1010,2,1515,80,1435,1515,80,1435,5,1,1594,1507,1515,1435,103458.7800,34,152,"2026-09-04 12:34:54"
2026-07-04,1010,3,1343,114,1229,1343,114,1229,1,14,1406,1301,1343,1229,61398.4500,53,74,"2026-09-04 12:34:54"
2026-07-04,1011,1,1662,111,1551,1662,111,1551,5,20,1676,1600,1662,1551,40722.4300,32,108,"2026-09-04 12:34:54"
2026-07-04,1011,2,3461,441,3020,3461,441,3020,4,4,3471,3409,3461,3020,177579.3300,45,20,"2026-09-04 12:34:54"
2026-07-04,1011,3,650,74,576,650,74,576,5,10,660,647,650,576,110639.4800,23,10,"2026-09-04 12:34:54"
2026-07-04,1012,1,12826,645,12181,12826,645,12181,0,41,13683,12237,12826,12181,476240.0400,80,167,"2026-09-04 12:34:54"
2026-07-04,1012,2,6781,548,6233,6781,548,6233,4,25,6822,6177,6781,6233,309639.4700,32,91,"2026-09-04 12:34:54"
2026-07-04,1012,3,4209,408,3801,4209,408,3801,5,11,4519,3965,4209,3801,689288.7800,32,42,"2026-09-04 12:34:54"
2026-07-04,1013,1,8263,669,7594,8263,669,7594,5,24,8368,7936,8263,7594,1459590.3800,46,178,"2026-09-04 12:34:54"
2026-07-04,1013,2,14034,1522,12512,14034,1522,12512,0,45,14623,12669,14034,12512,295542.2700,84,139,"2026-09-04 12:34:54"
2026-07-04,1013,3,4745,615,4130,4745,615,4130,0,19,4914,4588,4745,4130,466350.1800,60,144,"2026-09-04 12:34:54"
2026-07-04,1014,1,19127,2079,17048,19127,2079,17048,4,18,19198,17244,19127,17048,583724.9800,131,1,"2026-09-04 12:34:54"
2026-07-04,1014,2,2682,255,2427,2682,255,2427,1,32,2861,2430,2682,2427,484224.6600,73,87,"2026-09-04 12:34:54"
2026-07-04,1014,3,4767,535,4232,4767,535,4232,5,36,4950,4552,4767,4232,381096.5800,31,79,"2026-09-04 12:34:54"
2026-07-04,1015,1,9052,1071,7981,9052,1071,7981,5,35,9369,8991,9052,7981,1039801.2600,70,159,"2026-09-04 12:34:54"
2026-07-04,1015,2,14746,1461,13285,14746,1461,13285,0,17,15291,13718,14746,13285,729147.6600,78,138,"2026-09-04 12:34:54"
2026-07-04,1015,3,1080,127,953,1080,127,953,3,22,1172,1011,1080,953,51257.9500,23,73,"2026-09-04 12:34:54"
2026-07-04,1016,1,1153,128,1025,1153,128,1025,0,39,1224,1085,1153,1025,61853.5900,31,139,"2026-09-04 12:34:54"
2026-07-04,1016,2,13048,1307,11741,13048,1307,11741,4,4,13900,12250,13048,11741,892059.9400,83,12,"2026-09-04 12:34:54"
2026-07-04,1016,3,10101,896,9205,10101,896,9205,3,4,10377,9692,10101,9205,158690.4500,56,96,"2026-09-04 12:34:54"
2026-07-04,1017,1,3153,231,2922,3153,231,2922,1,11,3380,2840,3153,2922,104836.7500,37,144,"2026-09-04 12:34:54"
2026-07-04,1017,2,13403,870,12533,13403,870,12533,4,18,13537,12364,13403,12533,1703651.1900,85,121,"2026-09-04 12:34:54"
2026-07-04,1017,3,4607,427,4180,4607,427,4180,2,26,4997,4255,4607,4180,756728.0000,58,137,"2026-09-04 12:34:54"
2026-07-04,1018,1,5728,416,5312,5728,416,5312,1,48,6018,5587,5728,5312,926315.2200,49,142,"2026-09-04 12:34:54"
2026-07-04,1018,2,4480,270,4210,4480,270,4210,2,8,4848,4259,4480,4210,302590.2300,34,73,"2026-09-04 12:34:54"
2026-07-04,1018,3,5396,505,4891,5396,505,4891,1,50,5696,5212,5396,4891,299607.0500,50,154,"2026-09-04 12:34:54"
2026-07-04,1019,1,5264,543,4721,5264,543,4721,3,4,5465,4868,5264,4721,622481.7300,27,32,"2026-09-04 12:34:54"
2026-07-04,1019,2,2574,324,2250,2574,324,2250,4,3,2790,2318,2574,2250,296176.8000,68,24,"2026-09-04 12:34:54"
2026-07-04,1019,3,2895,182,2713,2895,182,2713,0,11,3091,2663,2895,2713,17408.4600,31,85,"2026-09-04 12:34:54"
2026-07-04,1020,1,8370,920,7450,8370,920,7450,5,7,8580,7789,8370,7450,824451.3100,44,38,"2026-09-04 12:34:54"
2026-07-04,1020,2,677,87,590,677,87,590,0,34,701,612,677,590,116058.6800,49,101,"2026-09-04 12:34:54"
2026-07-04,1020,3,8607,713,7894,8607,713,7894,4,21,9428,8229,8607,7894,1296666.5100,45,112,"2026-09-04 12:34:54"
2026-07-04,1021,1,4859,296,4563,4859,296,4563,2,10,5302,4562,4859,4563,822954.8800,29,167,"2026-09-04 12:34:54"
2026-07-04,1021,2,6594,490,6104,6594,490,6104,4,9,6640,6530,6594,6104,994700.5900,32,44,"2026-09-04 12:34:54"
2026-07-04,1021,3,9890,1166,8724,9890,1166,8724,3,7,10830,9211,9890,8724,1163044.1000,52,151,"2026-09-04 12:34:54"
2026-07-04,1022,1,6572,796,5776,6572,796,5776,2,26,7027,6339,6572,5776,640699.6000,33,13,"2026-09-04 12:34:54"
2026-07-04,1022,2,6909,593,6316,6909,593,6316,0,43,7000,6504,6909,6316,455098.8900,54,10,"2026-09-04 12:34:54"
2026-07-04,1022,3,4579,278,4301,4579,278,4301,0,24,4734,4319,4579,4301,155030.1600,32,159,"2026-09-04 12:34:54"
2026-07-04,1023,1,5620,652,4968,5620,652,4968,4,39,5743,5607,5620,4968,509801.4300,27,173,"2026-09-04 12:34:54"
2026-07-04,1023,2,1112,94,1018,1112,94,1018,2,3,1211,1009,1112,1018,82279.5200,24,46,"2026-09-04 12:34:54"
2026-07-04,1023,3,1087,128,959,1087,128,959,3,19,1147,1023,1087,959,87318.2300,59,29,"2026-09-04 12:34:54"
2026-07-04,1024,1,6079,745,5334,6079,745,5334,0,7,6336,5798,6079,5334,874806.6000,30,125,"2026-09-04 12:34:54"
2026-07-04,1024,2,3517,176,3341,3517,176,3341,5,18,3633,3175,3517,3341,104069.7200,75,28,"2026-09-04 12:34:54"
2026-07-04,1024,3,4543,259,4284,4543,259,4284,2,42,4961,4300,4543,4284,572481.4700,122,24,"2026-09-04 12:34:54"
2026-07-04,1025,1,4385,305,4080,4385,305,4080,2,17,4407,4110,4385,4080,85515.8400,40,51,"2026-09-04 12:34:54"
2026-07-04,1025,2,1415,121,1294,1415,121,1294,5,15,1551,1413,1415,1294,54327.3200,39,34,"2026-09-04 12:34:54"
2026-07-04,1025,3,970,77,893,970,77,893,5,19,1019,903,970,893,73061.0900,33,47,"2026-09-04 12:34:54"
2026-07-04,1026,1,333,42,291,333,42,291,1,49,358,329,333,291,7798.6100,29,72,"2026-09-04 12:34:54"
2026-07-04,1026,2,2398,217,2181,2398,217,2181,1,45,2424,2396,2398,2181,330515.4500,31,161,"2026-09-04 12:34:54"
2026-07-04,1026,3,1307,167,1140,1307,167,1140,1,22,1320,1180,1307,1140,138639.1400,43,112,"2026-09-04 12:34:54"
2026-07-04,1027,1,15991,1884,14107,15991,1884,14107,1,9,16400,15208,15991,14107,611320.1100,71,76,"2026-09-04 12:34:54"
2026-07-04,1027,2,6774,564,6210,6774,564,6210,5,18,7323,6311,6774,6210,480502.1800,52,19,"2026-09-04 12:34:54"
2026-07-04,1027,3,1203,124,1079,1203,124,1079,5,44,1291,1152,1203,1079,143278.7300,25,174,"2026-09-04 12:34:54"
2026-07-04,1028,1,10843,1117,9726,10843,1117,9726,4,40,11747,9918,10843,9726,1268530.6500,59,127,"2026-09-04 12:34:54"
2026-07-04,1028,2,3726,257,3469,3726,257,3469,3,6,3731,3589,3726,3469,649007.8800,30,175,"2026-09-04 12:34:54"
2026-07-04,1028,3,6610,685,5925,6610,685,5925,1,36,6862,6486,6610,5925,1173736.1400,32,152,"2026-09-04 12:34:54"
2026-07-04,1029,1,1918,205,1713,1918,205,1713,5,34,1955,1846,1918,1713,294221.5800,68,49,"2026-09-04 12:34:54"
2026-07-04,1029,2,1059,136,923,1059,136,923,4,35,1064,955,1059,923,25854.4100,40,36,"2026-09-04 12:34:54"
2026-07-04,1029,3,979,87,892,979,87,892,0,49,1057,898,979,892,165180.1900,24,111,"2026-09-04 12:34:54"
2026-07-04,1030,1,5486,382,5104,5486,382,5104,4,43,5738,4992,5486,5104,269297.0100,30,127,"2026-09-04 12:34:54"
2026-07-04,1030,2,7380,541,6839,7380,541,6839,1,41,7888,7178,7380,6839,205255.4600,36,27,"2026-09-04 12:34:54"
2026-07-04,1030,3,1641,116,1525,1641,116,1525,3,34,1694,1621,1641,1525,177821.8300,33,66,"2026-09-04 12:34:54"
2026-07-04,1031,1,3843,453,3390,3843,453,3390,4,16,4170,3589,3843,3390,447458.1600,38,104,"2026-09-04 12:34:54"
2026-07-04,1031,2,3231,248,2983,3231,248,2983,1,36,3395,3056,3231,2983,228439.8600,37,74,"2026-09-04 12:34:54"
2026-07-04,1031,3,2631,324,2307,2631,324,2307,3,39,2709,2464,2631,2307,233493.9100,23,165,"2026-09-04 12:34:54"
2026-07-04,1032,1,6947,848,6099,6947,848,6099,1,15,7116,6510,6947,6099,931118.6800,37,168,"2026-09-04 12:34:54"
2026-07-04,1032,2,4442,409,4033,4442,409,4033,4,1,4452,4173,4442,4033,258354.7700,29,133,"2026-09-04 12:34:54"
2026-07-04,1032,3,5059,483,4576,5059,483,4576,4,7,5202,4738,5059,4576,337916.1500,45,165,"2026-09-04 12:34:54"
2026-07-04,1033,1,4701,369,4332,4701,369,4332,1,0,4722,4635,4701,4332,312486.2800,38,32,"2026-09-04 12:34:54"
2026-07-04,1033,2,11640,835,10805,11640,835,10805,4,44,11785,11532,11640,10805,524997.5100,85,14,"2026-09-04 12:34:54"
2026-07-04,1033,3,3785,488,3297,3785,488,3297,1,7,4113,3719,3785,3297,59930.1800,37,120,"2026-09-04 12:34:54"
2026-07-04,1034,1,3796,370,3426,3796,370,3426,3,40,3924,3775,3796,3426,261743.8100,34,107,"2026-09-04 12:34:54"
2026-07-04,1034,2,1006,115,891,1006,115,891,4,34,1043,975,1006,891,106833.7100,30,179,"2026-09-04 12:34:54"
2026-07-04,1034,3,3213,340,2873,3213,340,2873,5,18,3483,3128,3213,2873,371859.8800,31,173,"2026-09-04 12:34:54"
2026-07-04,1035,1,782,49,733,782,49,733,2,50,847,723,782,733,128838.2700,30,53,"2026-09-04 12:34:54"
2026-07-04,1035,2,8751,605,8146,8751,605,8146,0,32,9595,8445,8751,8146,1109401.2300,46,107,"2026-09-04 12:34:54"
2026-07-04,1035,3,18587,1852,16735,18587,1852,16735,5,42,18610,18250,18587,16735,2404990.3800,95,121,"2026-09-04 12:34:54"
2026-07-04,1036,1,7714,694,7020,7714,694,7020,1,23,8436,7327,7714,7020,170349.1300,36,128,"2026-09-04 12:34:54"
2026-07-04,1036,2,1625,167,1458,1625,167,1458,3,12,1642,1610,1625,1458,75148.2800,29,52,"2026-09-04 12:34:54"
2026-07-04,1036,3,4870,310,4560,4870,310,4560,5,40,5312,4722,4870,4560,341848.6600,48,176,"2026-09-04 12:34:54"
2026-07-04,1037,1,766,95,671,766,95,671,2,5,842,747,766,671,51828.1800,22,179,"2026-09-04 12:34:54"
2026-07-04,1037,2,3141,291,2850,3141,291,2850,0,35,3337,2849,3141,2850,481173.5700,91,79,"2026-09-04 12:34:54"
2026-07-04,1037,3,5221,588,4633,5221,588,4633,4,12,5447,4905,5221,4633,390644.6900,39,102,"2026-09-04 12:34:54"
2026-07-04,1038,1,3405,307,3098,3405,307,3098,2,31,3617,3315,3405,3098,357509.9900,52,133,"2026-09-04 12:34:54"
2026-07-04,1038,2,532,64,468,532,64,468,1,38,569,527,532,468,8187.1400,24,170,"2026-09-04 12:34:54"
2026-07-04,1038,3,2463,213,2250,2463,213,2250,3,42,2498,2262,2463,2250,237444.6400,43,126,"2026-09-04 12:34:54"
2026-07-04,1039,1,3168,387,2781,3168,387,2781,3,23,3330,2871,3168,2781,319727.8200,22,101,"2026-09-04 12:34:54"
2026-07-04,1039,2,4143,338,3805,4143,338,3805,2,37,4345,3968,4143,3805,526789.9500,46,47,"2026-09-04 12:34:54"
2026-07-04,1039,3,1202,81,1121,1202,81,1121,5,17,1296,1120,1202,1121,15527.4300,48,49,"2026-09-04 12:34:54"
2026-07-04,1040,1,3562,357,3205,3562,357,3205,1,46,3778,3511,3562,3205,624378.5800,40,135,"2026-09-04 12:34:54"
2026-07-04,1040,2,781,58,723,781,58,723,4,20,798,724,781,723,108111.8000,45,99,"2026-09-04 12:34:54"
2026-07-04,1040,3,5533,440,5093,5533,440,5093,1,24,5721,5502,5533,5093,660613.9400,55,25,"2026-09-04 12:34:54"
2026-07-04,1041,1,5535,523,5012,5535,523,5012,3,40,5696,5260,5535,5012,451020.1900,26,33,"2026-09-04 12:34:54"
2026-07-04,1041,2,4267,392,3875,4267,392,3875,2,23,4586,4165,4267,3875,154837.4700,23,73,"2026-09-04 12:34:54"
2026-07-04,1041,3,20256,2074,18182,20256,2074,18182,2,6,20426,20044,20256,18182,784053.5900,107,118,"2026-09-04 12:34:54"
2026-07-04,1042,1,1195,137,1058,1195,137,1058,4,16,1293,1136,1195,1058,33153.0300,23,28,"2026-09-04 12:34:54"
2026-07-04,1042,2,3543,298,3245,3543,298,3245,5,21,3613,3224,3543,3245,145724.4200,22,20,"2026-09-04 12:34:54"
2026-07-04,1042,3,5307,511,4796,5307,511,4796,1,44,5670,4865,5307,4796,183636.9700,27,175,"2026-09-04 12:34:54"
2026-07-04,1043,1,6633,756,5877,6633,756,5877,4,48,7125,6429,6633,5877,992914.0100,34,76,"2026-09-04 12:34:54"
2026-07-04,1043,2,14113,1041,13072,14113,1041,13072,3,45,14249,13640,14113,13072,2368282.3300,102,75,"2026-09-04 12:34:54"
2026-07-04,1043,3,857,74,783,857,74,783,0,30,934,839,857,783,107990.0700,37,24,"2026-09-04 12:34:54"
2026-07-04,1044,1,10703,895,9808,10703,895,9808,1,29,11297,10568,10703,9808,1170800.9100,56,85,"2026-09-04 12:34:54"
2026-07-04,1044,2,8805,644,8161,8805,644,8161,1,14,9560,8722,8805,8161,864953.1400,72,116,"2026-09-04 12:34:54"
2026-07-04,1044,3,2963,284,2679,2963,284,2679,2,49,3220,2674,2963,2679,27119.1000,34,33,"2026-09-04 12:34:54"
2026-07-04,1045,1,2967,158,2809,2967,158,2809,5,14,3020,2721,2967,2809,146592.0900,78,18,"2026-09-04 12:34:54"
2026-07-04,1045,2,11027,733,10294,11027,733,10294,2,19,11230,10907,11027,10294,1306027.0000,83,89,"2026-09-04 12:34:54"
2026-07-04,1045,3,7698,633,7065,7698,633,7065,1,10,7822,7173,7698,7065,484680.2000,62,157,"2026-09-04 12:34:54"
2026-07-04,1046,1,3067,297,2770,3067,297,2770,3,2,3082,3039,3067,2770,116823.8100,39,5,"2026-09-04 12:34:54"
2026-07-04,1046,2,3595,245,3350,3595,245,3350,2,4,3691,3557,3595,3350,289456.7600,31,5,"2026-09-04 12:34:54"
2026-07-04,1046,3,611,47,564,611,47,564,5,2,615,591,611,564,38093.5900,35,112,"2026-09-04 12:34:54"
2026-07-04,1047,1,14403,1755,12648,14403,1755,12648,3,6,14671,13765,14403,12648,1704975.6600,76,36,"2026-09-04 12:34:54"
2026-07-04,1047,2,2637,235,2402,2637,235,2402,3,6,2750,2551,2637,2402,408888.0000,19,43,"2026-09-04 12:34:54"
2026-07-04,1047,3,2993,365,2628,2993,365,2628,4,27,3272,2973,2993,2628,457339.6200,52,123,"2026-09-04 12:34:54"
2026-07-04,1048,1,6818,354,6464,6818,354,6464,4,38,7269,6617,6818,6464,668402.3300,47,96,"2026-09-04 12:34:54"
2026-07-04,1048,2,752,43,709,752,43,709,5,41,762,680,752,709,45071.8200,27,150,"2026-09-04 12:34:54"
2026-07-04,1048,3,16492,1918,14574,16492,1918,14574,5,6,17374,15710,16492,14574,645114.0100,83,46,"2026-09-04 12:34:54"
2026-07-04,1049,1,2825,331,2494,2825,331,2494,4,14,2934,2668,2825,2494,220646.9800,58,156,"2026-09-04 12:34:54"
2026-07-04,1049,2,4030,229,3801,4030,229,3801,1,27,4277,3940,4030,3801,468574.8600,56,95,"2026-09-04 12:34:54"
2026-07-04,1049,3,4128,242,3886,4128,242,3886,1,22,4343,3721,4128,3886,45611.7600,44,117,"2026-09-04 12:34:54"
2026-07-04,1050,1,8001,790,7211,8001,790,7211,1,50,8777,7568,8001,7211,334220.8700,37,149,"2026-09-04 12:34:54"
2026-07-04,1050,2,6601,724,5877,6601,724,5877,1,9,7148,6402,6601,5877,700030.3800,37,5,"2026-09-04 12:34:54"
2026-07-04,1050,3,2427,216,2211,2427,216,2211,1,2,2473,2403,2427,2211,198743.2800,19,145,"2026-09-04 12:34:54"
2026-07-05,1001,1,7842,546,7296,7842,546,7296,3,33,7890,7839,7842,7296,779568.6800,42,114,"2026-09-04 12:34:54"
2026-07-05,1001,2,9534,933,8601,9534,933,8601,5,40,10464,8853,9534,8601,806332.2200,72,74,"2026-09-04 12:34:54"
2026-07-05,1001,3,7982,527,7455,7982,527,7455,4,28,8387,7936,7982,7455,568191.3900,41,160,"2026-09-04 12:34:54"
2026-07-05,1002,1,10892,1097,9795,10892,1097,9795,0,45,11478,10699,10892,9795,800880.1700,78,51,"2026-09-04 12:34:54"
2026-07-05,1002,2,7007,704,6303,7007,704,6303,4,33,7513,6756,7007,6303,561964.3800,47,101,"2026-09-04 12:34:54"
2026-07-05,1002,3,2236,183,2053,2236,183,2053,1,11,2415,2017,2236,2053,205094.5300,68,170,"2026-09-04 12:34:54"
2026-07-05,1003,1,3172,158,3014,3172,158,3014,4,27,3284,2880,3172,3014,174116.3300,23,55,"2026-09-04 12:34:54"
2026-07-05,1003,2,10330,799,9531,10330,799,9531,1,13,11281,10295,10330,9531,253914.5600,60,58,"2026-09-04 12:34:54"
2026-07-05,1003,3,5840,566,5274,5840,566,5274,1,15,6402,5467,5840,5274,381270.4200,35,85,"2026-09-04 12:34:54"
2026-07-05,1004,1,20315,1684,18631,20315,1684,18631,0,5,21097,19201,20315,18631,2396044.4900,101,107,"2026-09-04 12:34:54"
2026-07-05,1004,2,5824,578,5246,5824,578,5246,1,5,5879,5673,5824,5246,774064.0100,32,175,"2026-09-04 12:34:54"
2026-07-05,1004,3,4150,500,3650,4150,500,3650,3,26,4455,4023,4150,3650,89750.8800,39,80,"2026-09-04 12:34:54"
2026-07-05,1005,1,5109,636,4473,5109,636,4473,5,15,5243,5022,5109,4473,44616.8300,34,95,"2026-09-04 12:34:54"
2026-07-05,1005,2,2290,118,2172,2290,118,2172,5,36,2390,2268,2290,2172,223213.4000,35,147,"2026-09-04 12:34:54"
2026-07-05,1005,3,9850,613,9237,9850,613,9237,4,18,10317,9157,9850,9237,867972.2500,48,148,"2026-09-04 12:34:54"
2026-07-05,1006,1,8231,546,7685,8231,546,7685,1,12,8367,7797,8231,7685,234086.9300,48,152,"2026-09-04 12:34:54"
2026-07-05,1006,2,3879,416,3463,3879,416,3463,0,44,4145,3720,3879,3463,121347.4900,20,10,"2026-09-04 12:34:54"
2026-07-05,1006,3,10048,1285,8763,10048,1285,8763,0,29,10969,9503,10048,8763,360309.6900,60,106,"2026-09-04 12:34:54"
2026-07-05,1007,1,6682,440,6242,6682,440,6242,1,46,6969,6331,6682,6242,380469.3300,52,119,"2026-09-04 12:34:54"
2026-07-05,1007,2,7325,439,6886,7325,439,6886,4,5,8012,6657,7325,6886,923542.8500,41,23,"2026-09-04 12:34:54"
2026-07-05,1007,3,4322,314,4008,4322,314,4008,5,42,4598,4079,4322,4008,200337.0600,49,42,"2026-09-04 12:34:54"
2026-07-05,1008,1,3353,165,3188,3353,165,3188,0,42,3588,3027,3353,3188,562028.9100,56,6,"2026-09-04 12:34:54"
2026-07-05,1008,2,9990,847,9143,9990,847,9143,4,28,10035,9788,9990,9143,1503067.3300,60,104,"2026-09-04 12:34:54"
2026-07-05,1008,3,4081,376,3705,4081,376,3705,4,33,4462,3945,4081,3705,202243.9600,28,140,"2026-09-04 12:34:54"
2026-07-05,1009,1,6391,822,5569,6391,822,5569,4,13,6973,6099,6391,5569,590141.4100,31,127,"2026-09-04 12:34:54"
2026-07-05,1009,2,3486,280,3206,3486,280,3206,2,8,3697,3411,3486,3206,148941.8800,25,7,"2026-09-04 12:34:54"
2026-07-05,1009,3,1725,186,1539,1725,186,1539,0,37,1851,1671,1725,1539,207605.1700,27,45,"2026-09-04 12:34:54"
2026-07-05,1010,1,2313,221,2092,2313,221,2092,0,47,2367,2186,2313,2092,123087.4200,30,23,"2026-09-04 12:34:54"
2026-07-05,1010,2,1585,161,1424,1585,161,1424,1,3,1646,1441,1585,1424,140059.4300,33,143,"2026-09-04 12:34:54"
2026-07-05,1010,3,1448,171,1277,1448,171,1277,1,23,1557,1336,1448,1277,34335.3100,55,26,"2026-09-04 12:34:54"
2026-07-05,1011,1,1740,93,1647,1740,93,1647,1,5,1770,1605,1740,1647,45426.8800,34,149,"2026-09-04 12:34:54"
2026-07-05,1011,2,3325,419,2906,3325,419,2906,3,22,3629,3197,3325,2906,370924.8600,43,179,"2026-09-04 12:34:54"
2026-07-05,1011,3,626,59,567,626,59,567,0,43,627,569,626,567,97675.9300,22,179,"2026-09-04 12:34:54"
2026-07-05,1012,1,12929,834,12095,12929,834,12095,4,46,13173,11658,12929,12095,448268.8300,80,178,"2026-09-04 12:34:54"
2026-07-05,1012,2,7810,594,7216,7810,594,7216,2,23,8086,7298,7810,7216,916863.2800,37,24,"2026-09-04 12:34:54"
2026-07-05,1012,3,3987,243,3744,3987,243,3744,4,50,4384,3730,3987,3744,341549.3900,31,44,"2026-09-04 12:34:54"
2026-07-05,1013,1,8016,925,7091,8016,925,7091,1,5,8284,7689,8016,7091,1355088.6000,43,67,"2026-09-04 12:34:54"
2026-07-05,1013,2,12898,876,12022,12898,876,12022,4,46,13253,12675,12898,12022,1807371.9600,81,169,"2026-09-04 12:34:54"
2026-07-05,1013,3,4441,396,4045,4441,396,4045,2,3,4867,4358,4441,4045,257498.8000,59,52,"2026-09-04 12:34:54"
2026-07-05,1014,1,19002,2444,16558,19002,2444,16558,5,38,20098,18224,19002,16558,1761166.3700,127,86,"2026-09-04 12:34:54"
2026-07-05,1014,2,2730,296,2434,2730,296,2434,4,48,2773,2484,2730,2434,61865.5800,73,130,"2026-09-04 12:34:54"
2026-07-05,1014,3,4512,320,4192,4512,320,4192,5,20,4955,4325,4512,4192,205600.8700,30,94,"2026-09-04 12:34:54"
2026-07-05,1015,1,8447,483,7964,8447,483,7964,0,45,9054,8313,8447,7964,888502.3100,70,129,"2026-09-04 12:34:54"
2026-07-05,1015,2,13946,1269,12677,13946,1269,12677,0,50,14636,13599,13946,12677,222122.0300,74,145,"2026-09-04 12:34:54"
2026-07-05,1015,3,1004,64,940,1004,64,940,5,37,1012,909,1004,940,156022.9100,22,69,"2026-09-04 12:34:54"
2026-07-05,1016,1,1107,92,1015,1107,92,1015,1,38,1189,1052,1107,1015,94736.2800,30,110,"2026-09-04 12:34:54"
2026-07-05,1016,2,12643,812,11831,12643,812,11831,4,28,13413,12088,12643,11831,410126.8300,84,168,"2026-09-04 12:34:54"
2026-07-05,1016,3,9337,731,8606,9337,731,8606,4,6,9971,8725,9337,8606,1355044.3200,52,127,"2026-09-04 12:34:54"
2026-07-05,1017,1,3100,222,2878,3100,222,2878,3,44,3385,2877,3100,2878,45601.3100,36,177,"2026-09-04 12:34:54"
2026-07-05,1017,2,14204,1709,12495,14204,1709,12495,3,48,14842,13227,14204,12495,1196681.5700,85,126,"2026-09-04 12:34:54"
2026-07-05,1017,3,4723,558,4165,4723,558,4165,5,15,4774,4486,4723,4165,492585.9900,58,9,"2026-09-04 12:34:54"
2026-07-05,1018,1,5493,665,4828,5493,665,4828,3,50,5496,5420,5493,4828,716433.0200,44,24,"2026-09-04 12:34:54"
2026-07-05,1018,2,4551,403,4148,4551,403,4148,1,45,4628,4389,4551,4148,505585.4000,34,84,"2026-09-04 12:34:54"
2026-07-05,1018,3,5161,657,4504,5161,657,4504,1,34,5321,4699,5161,4504,548466.6400,46,68,"2026-09-04 12:34:54"
2026-07-05,1019,1,6273,549,5724,6273,549,5724,4,34,6688,6161,6273,5724,830211.3000,33,173,"2026-09-04 12:34:54"
2026-07-05,1019,2,2332,177,2155,2332,177,2155,5,10,2355,2262,2332,2155,281494.3800,65,4,"2026-09-04 12:34:54"
2026-07-05,1019,3,3083,284,2799,3083,284,2799,5,12,3158,2779,3083,2799,232260.6800,32,19,"2026-09-04 12:34:54"
2026-07-05,1020,1,8259,643,7616,8259,643,7616,0,33,9023,7748,8259,7616,1036886.4100,45,151,"2026-09-04 12:34:54"
2026-07-05,1020,2,659,40,619,659,40,619,2,50,714,633,659,619,35184.2000,51,174,"2026-09-04 12:34:54"
2026-07-05,1020,3,8505,498,8007,8505,498,8007,0,45,8888,8262,8505,8007,1197501.1200,46,67,"2026-09-04 12:34:54"
2026-07-05,1021,1,4765,241,4524,4765,241,4524,0,7,5115,4312,4765,4524,171581.6400,29,176,"2026-09-04 12:34:54"
2026-07-05,1021,2,6310,300,6010,6310,300,6010,1,16,6898,5719,6310,6010,400083.2200,32,6,"2026-09-04 12:34:54"
2026-07-05,1021,3,9142,892,8250,9142,892,8250,5,11,9387,8875,9142,8250,1090448.9900,50,177,"2026-09-04 12:34:54"
2026-07-05,1022,1,6188,498,5690,6188,498,5690,3,29,6614,6014,6188,5690,35257.6800,32,69,"2026-09-04 12:34:54"
2026-07-05,1022,2,7112,899,6213,7112,899,6213,4,42,7372,6828,7112,6213,131562.9900,53,59,"2026-09-04 12:34:54"
2026-07-05,1022,3,4871,600,4271,4871,600,4271,3,30,4942,4470,4871,4271,739702.7100,32,27,"2026-09-04 12:34:54"
2026-07-05,1023,1,5245,350,4895,5245,350,4895,2,32,5499,4838,5245,4895,775696.9400,26,168,"2026-09-04 12:34:54"
2026-07-05,1023,2,1086,82,1004,1086,82,1004,2,12,1190,1016,1086,1004,94065.7200,24,122,"2026-09-04 12:34:54"
2026-07-05,1023,3,1025,72,953,1025,72,953,1,26,1053,977,1025,953,169881.6800,59,97,"2026-09-04 12:34:54"
2026-07-05,1024,1,6148,454,5694,6148,454,5694,2,10,6365,5926,6148,5694,634377.7700,32,104,"2026-09-04 12:34:54"
2026-07-05,1024,2,3780,275,3505,3780,275,3505,5,15,4089,3662,3780,3505,303556.6800,79,105,"2026-09-04 12:34:54"
2026-07-05,1024,3,4786,319,4467,4786,319,4467,5,17,4872,4702,4786,4467,287486.8400,127,21,"2026-09-04 12:34:54"
2026-07-05,1025,1,4527,508,4019,4527,508,4019,2,16,4747,4357,4527,4019,452743.1700,39,34,"2026-09-04 12:34:54"
2026-07-05,1025,2,1465,190,1275,1465,190,1275,4,12,1530,1343,1465,1275,24846.0400,38,51,"2026-09-04 12:34:54"
2026-07-05,1025,3,1006,126,880,1006,126,880,3,14,1040,984,1006,880,55259.3100,32,131,"2026-09-04 12:34:54"
2026-07-05,1026,1,313,25,288,313,25,288,3,20,319,282,313,288,54574.4900,28,125,"2026-09-04 12:34:54"
2026-07-05,1026,2,2341,179,2162,2341,179,2162,2,39,2571,2117,2341,2162,158658.2800,30,76,"2026-09-04 12:34:54"
2026-07-05,1026,3,1255,92,1163,1255,92,1163,3,10,1323,1251,1255,1163,78987.5900,44,95,"2026-09-04 12:34:54"
2026-07-05,1027,1,14074,990,13084,14074,990,13084,1,39,15032,13943,14074,13084,373435.4300,66,38,"2026-09-04 12:34:54"
2026-07-05,1027,2,6751,809,5942,6751,809,5942,5,31,7269,6290,6751,5942,704079.3900,49,132,"2026-09-04 12:34:54"
2026-07-05,1027,3,1190,125,1065,1190,125,1065,0,47,1278,1144,1190,1065,160027.2000,25,10,"2026-09-04 12:34:54"
2026-07-05,1028,1,10193,658,9535,10193,658,9535,5,23,10785,9812,10193,9535,1053301.4200,58,16,"2026-09-04 12:34:54"
2026-07-05,1028,2,3802,365,3437,3802,365,3437,3,12,3879,3551,3802,3437,296761.3000,29,20,"2026-09-04 12:34:54"
2026-07-05,1028,3,6540,675,5865,6540,675,5865,5,42,6609,6443,6540,5865,758746.3700,31,118,"2026-09-04 12:34:54"
2026-07-05,1029,1,1892,182,1710,1892,182,1710,1,29,1933,1780,1892,1710,108620.6000,68,49,"2026-09-04 12:34:54"
2026-07-05,1029,2,1061,80,981,1061,80,981,1,39,1157,958,1061,981,172766.5700,42,56,"2026-09-04 12:34:54"
2026-07-05,1029,3,1008,129,879,1008,129,879,5,15,1099,908,1008,879,142867.1800,23,29,"2026-09-04 12:34:54"
2026-07-05,1030,1,5285,352,4933,5285,352,4933,4,47,5543,4837,5285,4933,627331.7400,29,178,"2026-09-04 12:34:54"
2026-07-05,1030,2,7539,751,6788,7539,751,6788,1,26,7595,7078,7539,6788,477281.2000,35,58,"2026-09-04 12:34:54"
2026-07-05,1030,3,1728,216,1512,1728,216,1512,4,29,1858,1620,1728,1512,261668.2700,32,6,"2026-09-04 12:34:54"
2026-07-05,1031,1,3669,306,3363,3669,306,3363,0,48,3962,3609,3669,3363,255004.9000,37,111,"2026-09-04 12:34:54"
2026-07-05,1031,2,3128,188,2940,3128,188,2940,5,34,3203,2992,3128,2940,192074.8100,37,48,"2026-09-04 12:34:54"
2026-07-05,1031,3,2620,328,2292,2620,328,2292,2,20,2876,2496,2620,2292,109058.8000,23,94,"2026-09-04 12:34:54"
2026-07-05,1032,1,6787,480,6307,6787,480,6307,4,42,6912,6456,6787,6307,601835.4500,38,84,"2026-09-04 12:34:54"
2026-07-05,1032,2,4591,583,4008,4591,583,4008,5,36,4728,4226,4591,4008,275844.2300,29,72,"2026-09-04 12:34:54"
2026-07-05,1032,3,4865,524,4341,4865,524,4341,5,43,5190,4456,4865,4341,134935.3200,43,69,"2026-09-04 12:34:54"
2026-07-05,1033,1,4293,323,3970,4293,323,3970,1,47,4527,3958,4293,3970,323275.2900,35,112,"2026-09-04 12:34:54"
2026-07-05,1033,2,11757,887,10870,11757,887,10870,4,47,12757,11735,11757,10870,252575.1600,85,84,"2026-09-04 12:34:54"
2026-07-05,1033,3,3582,314,3268,3582,314,3268,3,5,3708,3327,3582,3268,568270.2000,36,57,"2026-09-04 12:34:54"
2026-07-05,1034,1,3714,339,3375,3714,339,3375,0,12,3919,3609,3714,3375,641821.7900,34,135,"2026-09-04 12:34:54"
2026-07-05,1034,2,997,119,878,997,119,878,4,1,1001,985,997,878,143841.6000,30,101,"2026-09-04 12:34:54"
2026-07-05,1034,3,3064,215,2849,3064,215,2849,0,30,3222,2916,3064,2849,140312.5900,30,13,"2026-09-04 12:34:54"
2026-07-05,1035,1,775,53,722,775,53,722,0,41,781,712,775,722,129698.0800,30,54,"2026-09-04 12:34:54"
2026-07-05,1035,2,9242,458,8784,9242,458,8784,3,4,9870,8912,9242,8784,515643.3300,50,93,"2026-09-04 12:34:54"
2026-07-05,1035,3,19043,939,18104,19043,939,18104,3,47,20346,18714,19043,18104,1055196.5000,102,114,"2026-09-04 12:34:54"
2026-07-05,1036,1,7321,411,6910,7321,411,6910,5,8,7445,6916,7321,6910,438003.9500,35,13,"2026-09-04 12:34:54"
2026-07-05,1036,2,1548,104,1444,1548,104,1444,5,35,1562,1416,1548,1444,190008.7100,28,111,"2026-09-04 12:34:54"
2026-07-05,1036,3,5111,616,4495,5111,616,4495,2,32,5605,4619,5111,4495,892291.1100,47,49,"2026-09-04 12:34:54"
2026-07-05,1037,1,748,87,661,748,87,661,0,36,819,745,748,661,14224.3300,22,73,"2026-09-04 12:34:54"
2026-07-05,1037,2,3282,397,2885,3282,397,2885,0,31,3413,2984,3282,2885,124060.3600,93,116,"2026-09-04 12:34:54"
2026-07-05,1037,3,5516,618,4898,5516,618,4898,3,2,5796,5303,5516,4898,346820.7500,41,85,"2026-09-04 12:34:54"
2026-07-05,1038,1,3560,217,3343,3560,217,3343,4,27,3615,3319,3560,3343,582296.4000,56,50,"2026-09-04 12:34:54"
2026-07-05,1038,2,492,30,462,492,30,462,2,46,500,479,492,462,88203.9500,24,31,"2026-09-04 12:34:54"
2026-07-05,1038,3,2343,267,2076,2343,267,2076,2,32,2489,2194,2343,2076,144732.5200,39,35,"2026-09-04 12:34:54"
2026-07-05,1039,1,2996,238,2758,2996,238,2758,0,36,2996,2726,2996,2758,161308.7200,22,154,"2026-09-04 12:34:54"
2026-07-05,1039,2,4650,576,4074,4650,576,4074,1,27,5061,4459,4650,4074,165631.0900,49,124,"2026-09-04 12:34:54"
2026-07-05,1039,3,1224,126,1098,1224,126,1098,3,15,1341,1158,1224,1098,85694.1700,47,153,"2026-09-04 12:34:54"
2026-07-05,1040,1,3396,240,3156,3396,240,3156,5,42,3674,3141,3396,3156,32028.9700,39,4,"2026-09-04 12:34:54"
2026-07-05,1040,2,764,72,692,764,72,692,3,31,793,745,764,692,120669.1400,43,105,"2026-09-04 12:34:54"
2026-07-05,1040,3,5770,613,5157,5770,613,5157,3,22,6164,5763,5770,5157,186734.0500,56,68,"2026-09-04 12:34:54"
2026-07-05,1041,1,5404,427,4977,5404,427,4977,1,48,5820,5014,5404,4977,338234.8700,26,140,"2026-09-04 12:34:54"
2026-07-05,1041,2,4129,282,3847,4129,282,3847,3,2,4256,3758,4129,3847,44261.8600,23,114,"2026-09-04 12:34:54"
2026-07-05,1041,3,21083,2606,18477,21083,2606,18477,2,38,22074,19757,21083,18477,523224.7600,109,79,"2026-09-04 12:34:54"
2026-07-05,1042,1,1144,103,1041,1144,103,1041,2,24,1222,1072,1144,1041,173658.3600,22,47,"2026-09-04 12:34:54"
2026-07-05,1042,2,3465,265,3200,3465,265,3200,3,21,3758,3419,3465,3200,527782.0200,22,66,"2026-09-04 12:34:54"
2026-07-05,1042,3,5415,688,4727,5415,688,4727,5,50,5911,5034,5415,4727,930990.1400,27,18,"2026-09-04 12:34:54"
2026-07-05,1043,1,5923,646,5277,5923,646,5277,0,49,6469,5892,5923,5277,528814.1300,31,72,"2026-09-04 12:34:54"
2026-07-05,1043,2,14872,1789,13083,14872,1789,13083,3,22,15621,14138,14872,13083,1164389.1900,102,40,"2026-09-04 12:34:54"
2026-07-05,1043,3,917,64,853,917,64,853,2,48,991,871,917,853,101361.3500,40,23,"2026-09-04 12:34:54"
2026-07-05,1044,1,11469,1402,10067,11469,1402,10067,4,49,11547,10889,11469,10067,644658.0500,57,118,"2026-09-04 12:34:54"
2026-07-05,1044,2,9601,1250,8351,9601,1250,8351,3,36,10557,9206,9601,8351,1054143.9800,74,15,"2026-09-04 12:34:54"
2026-07-05,1044,3,2734,243,2491,2734,243,2491,5,17,2983,2556,2734,2491,288313.9900,31,105,"2026-09-04 12:34:54"
2026-07-05,1045,1,3049,328,2721,3049,328,2721,2,21,3280,2958,3049,2721,73345.5500,75,73,"2026-09-04 12:34:54"
2026-07-05,1045,2,11382,1150,10232,11382,1150,10232,3,45,12116,11227,11382,10232,882825.8700,82,68,"2026-09-04 12:34:54"
2026-07-05,1045,3,7735,712,7023,7735,712,7023,0,43,8355,6967,7735,7023,92140.9700,62,162,"2026-09-04 12:34:54"
2026-07-05,1046,1,2963,235,2728,2963,235,2728,5,25,3032,2683,2963,2728,114036.6700,38,180,"2026-09-04 12:34:54"
2026-07-05,1046,2,4083,347,3736,4083,347,3736,0,29,4402,3782,4083,3736,676835.8000,35,165,"2026-09-04 12:34:54"
2026-07-05,1046,3,635,75,560,635,75,560,3,50,676,587,635,560,86821.3700,35,98,"2026-09-04 12:34:54"
2026-07-05,1047,1,13707,851,12856,13707,851,12856,2,13,13932,13249,13707,12856,1101304.5100,77,42,"2026-09-04 12:34:54"
2026-07-05,1047,2,2740,357,2383,2740,357,2383,5,14,2806,2713,2740,2383,372030.8800,19,77,"2026-09-04 12:34:54"
2026-07-05,1047,3,3130,401,2729,3130,401,2729,2,7,3247,2946,3130,2729,482623.9400,54,15,"2026-09-04 12:34:54"
2026-07-05,1048,1,7028,466,6562,7028,466,6562,5,46,7382,6938,7028,6562,652763.6800,48,54,"2026-09-04 12:34:54"
2026-07-05,1048,2,803,100,703,803,100,703,1,43,869,773,803,703,120019.4300,27,2,"2026-09-04 12:34:54"
2026-07-05,1048,3,16422,1712,14710,16422,1712,14710,4,2,17781,15653,16422,14710,1241677.0600,84,95,"2026-09-04 12:34:54"
2026-07-05,1049,1,2727,256,2471,2727,256,2471,3,8,2846,2565,2727,2471,192837.3400,57,18,"2026-09-04 12:34:54"
2026-07-05,1049,2,4125,199,3926,4125,199,3926,3,30,4278,4056,4125,3926,692822.3800,58,180,"2026-09-04 12:34:54"
2026-07-05,1049,3,4449,430,4019,4449,430,4019,2,23,4621,4201,4449,4019,317254.0400,46,71,"2026-09-04 12:34:54"
2026-07-05,1050,1,8082,924,7158,8082,924,7158,3,24,8488,7715,8082,7158,174031.8400,36,178,"2026-09-04 12:34:54"
2026-07-05,1050,2,6504,716,5788,6504,716,5788,4,26,7067,5856,6504,5788,86108.5400,37,70,"2026-09-04 12:34:54"
2026-07-05,1050,3,2472,277,2195,2472,277,2195,4,7,2498,2348,2472,2195,253279.0000,19,99,"2026-09-04 12:34:54"
2026-07-06,1001,1,8769,880,7889,8769,880,7889,1,18,9196,8150,8769,7889,1118265.6300,46,25,"2026-09-04 12:34:54"
2026-07-06,1001,2,9451,1100,8351,9451,1100,8351,5,44,9745,8539,9451,8351,1126883.0600,70,99,"2026-09-04 12:34:54"
2026-07-06,1001,3,7711,422,7289,7711,422,7289,4,1,7973,7527,7711,7289,859844.1600,40,69,"2026-09-04 12:34:54"
2026-07-06,1002,1,11436,1445,9991,11436,1445,9991,0,13,11921,10625,11436,9991,886428.5000,80,93,"2026-09-04 12:34:54"
2026-07-06,1002,2,6135,386,5749,6135,386,5749,5,4,6443,5632,6135,5749,549410.8200,42,162,"2026-09-04 12:34:54"
2026-07-06,1002,3,2260,224,2036,2260,224,2036,0,20,2481,2149,2260,2036,405532.7900,67,147,"2026-09-04 12:34:54"
2026-07-06,1003,1,3223,230,2993,3223,230,2993,1,11,3233,3167,3223,2993,541452.1100,23,56,"2026-09-04 12:34:54"
2026-07-06,1003,2,10092,845,9247,10092,845,9247,5,18,10948,9165,10092,9247,227393.6300,58,3,"2026-09-04 12:34:54"
2026-07-06,1003,3,5836,643,5193,5836,643,5193,0,4,5836,5790,5836,5193,1020368.4700,34,180,"2026-09-04 12:34:54"
2026-07-06,1004,1,20150,1254,18896,20150,1254,18896,4,8,22054,19794,20150,18896,1081351.5500,103,118,"2026-09-04 12:34:54"
2026-07-06,1004,2,5586,422,5164,5586,422,5164,1,16,5588,5221,5586,5164,707134.4800,32,67,"2026-09-04 12:34:54"
2026-07-06,1004,3,4126,286,3840,4126,286,3840,5,3,4315,3807,4126,3840,466028.7600,41,122,"2026-09-04 12:34:54"
2026-07-06,1005,1,4382,496,3886,4382,496,3886,1,39,4702,4372,4382,3886,489832.9900,29,115,"2026-09-04 12:34:54"
2026-07-06,1005,2,2790,341,2449,2790,341,2449,1,13,2799,2571,2790,2449,244292.6300,40,11,"2026-09-04 12:34:54"
2026-07-06,1005,3,9313,1063,8250,9313,1063,8250,3,10,10009,8592,9313,8250,1039629.8900,43,29,"2026-09-04 12:34:54"
2026-07-06,1006,1,9109,906,8203,9109,906,8203,3,27,9565,8935,9109,8203,1536977.1900,51,95,"2026-09-04 12:34:54"
2026-07-06,1006,2,3767,331,3436,3767,331,3436,1,12,3784,3467,3767,3436,266223.0300,20,142,"2026-09-04 12:34:54"
2026-07-06,1006,3,10549,1143,9406,10549,1143,9406,5,36,11294,10478,10549,9406,1493435.8400,64,177,"2026-09-04 12:34:54"
2026-07-06,1007,1,7221,662,6559,7221,662,6559,2,15,7337,6836,7221,6559,360969.7300,54,137,"2026-09-04 12:34:54"
2026-07-06,1007,2,8357,1025,7332,8357,1025,7332,3,28,8913,7620,8357,7332,359648.9800,43,12,"2026-09-04 12:34:54"
2026-07-06,1007,3,3883,260,3623,3883,260,3623,1,8,3980,3827,3883,3623,159377.7900,44,143,"2026-09-04 12:34:54"
2026-07-06,1008,1,3355,258,3097,3355,258,3097,5,19,3459,3211,3355,3097,118127.7600,55,96,"2026-09-04 12:34:54"
2026-07-06,1008,2,10246,1235,9011,10246,1235,9011,1,44,10806,9787,10246,9011,709518.5800,59,105,"2026-09-04 12:34:54"
2026-07-06,1008,3,4081,399,3682,4081,399,3682,4,17,4302,3946,4081,3682,729787.2000,28,43,"2026-09-04 12:34:54"
2026-07-06,1009,1,6117,588,5529,6117,588,5529,4,4,6225,6106,6117,5529,217593.4100,30,22,"2026-09-04 12:34:54"
2026-07-06,1009,2,3352,192,3160,3352,192,3160,5,3,3608,3175,3352,3160,436143.0300,25,30,"2026-09-04 12:34:54"
2026-07-06,1009,3,1676,151,1525,1676,151,1525,0,2,1833,1625,1676,1525,240076.4800,26,33,"2026-09-04 12:34:54"
2026-07-06,1010,1,2289,218,2071,2289,218,2071,0,2,2295,2207,2289,2071,245551.4800,30,46,"2026-09-04 12:34:54"
2026-07-06,1010,2,1506,93,1413,1506,93,1413,2,7,1554,1378,1506,1413,225874.5800,33,130,"2026-09-04 12:34:54"
2026-07-06,1010,3,1298,95,1203,1298,95,1203,1,3,1362,1252,1298,1203,19619.2100,52,85,"2026-09-04 12:34:54"
2026-07-06,1011,1,1777,155,1622,1777,155,1622,1,16,1951,1743,1777,1622,229600.6000,33,30,"2026-09-04 12:34:54"
2026-07-06,1011,2,3333,379,2954,3333,379,2954,4,47,3472,3105,3333,2954,550427.4900,44,7,"2026-09-04 12:34:54"
2026-07-06,1011,3,606,48,558,606,48,558,4,24,656,581,606,558,31106.4200,22,141,"2026-09-04 12:34:54"
2026-07-06,1012,1,14159,711,13448,14159,711,13448,2,27,15046,13226,14159,13448,2391118.0000,89,43,"2026-09-04 12:34:54"
2026-07-06,1012,2,6783,793,5990,6783,793,5990,3,43,7410,6739,6783,5990,137043.0200,31,41,"2026-09-04 12:34:54"
2026-07-06,1012,3,3916,228,3688,3916,228,3688,0,46,4137,3859,3916,3688,161754.1700,31,114,"2026-09-04 12:34:54"
2026-07-06,1013,1,7400,362,7038,7400,362,7038,3,0,7456,7360,7400,7038,610354.1600,43,29,"2026-09-04 12:34:54"
2026-07-06,1013,2,13292,977,12315,13292,977,12315,2,2,13895,11989,13292,12315,547001.9700,83,133,"2026-09-04 12:34:54"
2026-07-06,1013,3,4582,372,4210,4582,372,4210,0,11,4737,4254,4582,4210,643236.1700,61,169,"2026-09-04 12:34:54"
2026-07-06,1014,1,18706,1637,17069,18706,1637,17069,5,0,18835,17904,18706,17069,2470244.6200,131,169,"2026-09-04 12:34:54"
2026-07-06,1014,2,2674,263,2411,2674,263,2411,2,24,2716,2669,2674,2411,464160.7900,73,112,"2026-09-04 12:34:54"
2026-07-06,1014,3,4755,603,4152,4755,603,4152,3,4,4948,4599,4755,4152,782007.0500,30,93,"2026-09-04 12:34:54"
2026-07-06,1015,1,9066,869,8197,9066,869,8197,2,50,9523,8239,9066,8197,919882.7300,72,31,"2026-09-04 12:34:54"
2026-07-06,1015,2,13905,1088,12817,13905,1088,12817,1,50,15252,13264,13905,12817,662475.0400,75,153,"2026-09-04 12:34:54"
2026-07-06,1015,3,1027,100,927,1027,100,927,3,12,1070,961,1027,927,94244.0700,22,19,"2026-09-04 12:34:54"
2026-07-06,1016,1,1110,106,1004,1110,106,1004,0,36,1128,1062,1110,1004,70023.5600,30,21,"2026-09-04 12:34:54"
2026-07-06,1016,2,12408,782,11626,12408,782,11626,2,21,13547,11719,12408,11626,748779.0400,83,28,"2026-09-04 12:34:54"
2026-07-06,1016,3,9689,934,8755,9689,934,8755,2,28,9932,8783,9689,8755,1614557.9900,53,86,"2026-09-04 12:34:54"
2026-07-06,1017,1,3122,288,2834,3122,288,2834,3,21,3307,3117,3122,2834,410319.3000,36,135,"2026-09-04 12:34:54"
2026-07-06,1017,2,12497,635,11862,12497,635,11862,3,16,13741,11418,12497,11862,1015957.4400,80,131,"2026-09-04 12:34:54"
2026-07-06,1017,3,4216,288,3928,4216,288,3928,1,43,4345,4001,4216,3928,64880.4900,55,170,"2026-09-04 12:34:54"
2026-07-06,1018,1,5388,519,4869,5388,519,4869,0,35,5739,4967,5388,4869,245705.1300,45,50,"2026-09-04 12:34:54"
2026-07-06,1018,2,4620,534,4086,4620,534,4086,2,20,4729,4547,4620,4086,202997.9700,33,8,"2026-09-04 12:34:54"
2026-07-06,1018,3,5203,446,4757,5203,446,4757,3,39,5218,4869,5203,4757,561174.4400,49,64,"2026-09-04 12:34:54"
2026-07-06,1019,1,5394,585,4809,5394,585,4809,0,27,5742,5066,5394,4809,902923.2400,28,157,"2026-09-04 12:34:54"
2026-07-06,1019,2,2426,234,2192,2426,234,2192,3,4,2463,2407,2426,2192,76934.8300,66,29,"2026-09-04 12:34:54"
2026-07-06,1019,3,2961,203,2758,2961,203,2758,1,31,3225,2882,2961,2758,21677.3100,32,66,"2026-09-04 12:34:54"
2026-07-06,1020,1,7443,439,7004,7443,439,7004,0,22,7494,6842,7443,7004,981788.3900,42,20,"2026-09-04 12:34:54"
2026-07-06,1020,2,685,87,598,685,87,598,1,49,706,670,685,598,98430.6200,49,153,"2026-09-04 12:34:54"
2026-07-06,1020,3,8269,620,7649,8269,620,7649,2,24,8566,7678,8269,7649,1451505.8500,44,124,"2026-09-04 12:34:54"
2026-07-06,1021,1,5082,597,4485,5082,597,4485,4,20,5210,4859,5082,4485,590089.5600,28,35,"2026-09-04 12:34:54"
2026-07-06,1021,2,6252,336,5916,6252,336,5916,3,49,6514,5809,6252,5916,801623.4000,31,88,"2026-09-04 12:34:54"
2026-07-06,1021,3,9439,671,8768,9439,671,8768,1,33,10307,8904,9439,8768,1356496.0200,53,159,"2026-09-04 12:34:54"
2026-07-06,1022,1,6142,538,5604,6142,538,5604,0,45,6351,5962,6142,5604,272464.8000,32,81,"2026-09-04 12:34:54"
2026-07-06,1022,2,7037,691,6346,7037,691,6346,1,19,7430,6373,7037,6346,331673.1200,54,80,"2026-09-04 12:34:54"
2026-07-06,1022,3,4801,559,4242,4801,559,4242,5,44,5244,4620,4801,4242,435932.0000,31,104,"2026-09-04 12:34:54"
2026-07-06,1023,1,5243,421,4822,5243,421,4822,4,21,5635,4982,5243,4822,864770.4700,26,151,"2026-09-04 12:34:54"
2026-07-06,1023,2,1053,63,990,1053,63,990,5,43,1056,1035,1053,990,150952.9100,24,50,"2026-09-04 12:34:54"
2026-07-06,1023,3,965,53,912,965,53,912,3,20,1051,926,965,912,6544.1600,57,129,"2026-09-04 12:34:54"
2026-07-06,1024,1,5387,313,5074,5387,313,5074,5,50,5903,4870,5387,5074,550178.5400,28,84,"2026-09-04 12:34:54"
2026-07-06,1024,2,3741,292,3449,3741,292,3449,4,37,4070,3656,3741,3449,638060.9200,78,66,"2026-09-04 12:34:54"
2026-07-06,1024,3,4762,359,4403,4762,359,4403,3,1,5032,4464,4762,4403,762521.8300,125,16,"2026-09-04 12:34:54"
2026-07-06,1025,1,4471,513,3958,4471,513,3958,4,24,4877,4342,4471,3958,261713.3200,38,164,"2026-09-04 12:34:54"
2026-07-06,1025,2,1320,63,1257,1320,63,1257,5,31,1347,1204,1320,1257,13768.0600,38,78,"2026-09-04 12:34:54"
2026-07-06,1025,3,975,109,866,975,109,866,2,11,1004,958,975,866,171122.9200,32,29,"2026-09-04 12:34:54"
2026-07-06,1026,1,300,15,285,300,15,285,2,28,322,295,300,285,16724.4500,28,169,"2026-09-04 12:34:54"
2026-07-06,1026,2,2371,228,2143,2371,228,2143,3,26,2488,2148,2371,2143,407048.5400,30,137,"2026-09-04 12:34:54"
2026-07-06,1026,3,1407,173,1234,1407,173,1234,4,36,1458,1312,1407,1234,150064.8600,47,72,"2026-09-04 12:34:54"
2026-07-06,1027,1,16050,2035,14015,16050,2035,14015,1,1,16302,14987,16050,14015,1898602.1000,71,1,"2026-09-04 12:34:54"
2026-07-06,1027,2,6674,446,6228,6674,446,6228,4,42,7279,6107,6674,6228,1209179.3800,52,113,"2026-09-04 12:34:54"
2026-07-06,1027,3,1203,153,1050,1203,153,1050,4,9,1223,1084,1203,1050,183669.6700,25,85,"2026-09-04 12:34:54"
2026-07-06,1028,1,10526,781,9745,10526,781,9745,3,26,10992,9911,10526,9745,609157.8900,59,64,"2026-09-04 12:34:54"
2026-07-06,1028,2,3841,436,3405,3841,436,3405,5,42,3844,3585,3841,3405,210553.3400,29,20,"2026-09-04 12:34:54"
2026-07-06,1028,3,6462,657,5805,6462,657,5805,1,15,6779,6142,6462,5805,420375.2500,31,119,"2026-09-04 12:34:54"
2026-07-06,1029,1,1726,89,1637,1726,89,1637,2,49,1787,1723,1726,1637,153425.3000,65,71,"2026-09-04 12:34:54"
2026-07-06,1029,2,990,63,927,990,63,927,0,22,1060,950,990,927,73870.3400,40,107,"2026-09-04 12:34:54"
2026-07-06,1029,3,976,109,867,976,109,867,5,49,1011,900,976,867,6052.1100,23,92,"2026-09-04 12:34:54"
2026-07-06,1030,1,6445,734,5711,6445,734,5711,1,19,7074,5900,6445,5711,35239.3900,34,88,"2026-09-04 12:34:54"
2026-07-06,1030,2,7416,679,6737,7416,679,6737,2,7,8126,6770,7416,6737,329559.0400,35,166,"2026-09-04 12:34:54"
2026-07-06,1030,3,1651,152,1499,1651,152,1499,5,50,1814,1566,1651,1499,83988.2900,32,91,"2026-09-04 12:34:54"
2026-07-06,1031,1,3804,468,3336,3804,468,3336,0,42,3882,3704,3804,3336,147280.3400,37,169,"2026-09-04 12:34:54"
2026-07-06,1031,2,3315,417,2898,3315,417,2898,5,40,3542,3212,3315,2898,66082.9700,36,41,"2026-09-04 12:34:54"
2026-07-06,1031,3,2416,138,2278,2416,138,2278,2,32,2499,2242,2416,2278,117326.0000,23,87,"2026-09-04 12:34:54"
2026-07-06,1032,1,7320,371,6949,7320,371,6949,4,15,7463,7151,7320,6949,446284.3300,42,56,"2026-09-04 12:34:54"
2026-07-06,1032,2,4289,307,3982,4289,307,3982,1,36,4317,4238,4289,3982,695463.8600,29,12,"2026-09-04 12:34:54"
2026-07-06,1032,3,4826,407,4419,4826,407,4419,1,33,5186,4508,4826,4419,732758.9400,44,37,"2026-09-04 12:34:54"
2026-07-06,1033,1,5259,672,4587,5259,672,4587,5,23,5638,5133,5259,4587,370506.0600,40,124,"2026-09-04 12:34:54"
2026-07-06,1033,2,12046,962,11084,12046,962,11084,1,42,12544,11639,12046,11084,70639.3400,87,144,"2026-09-04 12:34:54"
2026-07-06,1033,3,3515,275,3240,3515,275,3240,5,6,3854,3297,3515,3240,513430.4200,36,62,"2026-09-04 12:34:54"
2026-07-06,1034,1,3673,348,3325,3673,348,3325,3,21,3814,3523,3673,3325,413564.4600,33,4,"2026-09-04 12:34:54"
2026-07-06,1034,2,913,48,865,913,48,865,0,9,924,852,913,865,98698.3700,29,66,"2026-09-04 12:34:54"
2026-07-06,1034,3,3064,238,2826,3064,238,2826,3,22,3116,2860,3064,2826,216762.4400,30,176,"2026-09-04 12:34:54"
2026-07-06,1035,1,765,55,710,765,55,710,0,28,798,759,765,710,66588.0900,29,145,"2026-09-04 12:34:54"
2026-07-06,1035,2,8641,645,7996,8641,645,7996,3,19,9381,8286,8641,7996,1553216.6200,45,8,"2026-09-04 12:34:54"
2026-07-06,1035,3,19052,1486,17566,19052,1486,17566,0,1,20480,18818,19052,17566,3171085.8400,99,14,"2026-09-04 12:34:54"
2026-07-06,1036,1,7539,738,6801,7539,738,6801,4,28,7775,7165,7539,6801,1295582.0100,35,77,"2026-09-04 12:34:54"
2026-07-06,1036,2,1504,74,1430,1504,74,1430,3,9,1561,1358,1504,1430,94272.4100,28,8,"2026-09-04 12:34:54"
2026-07-06,1036,3,4909,289,4620,4909,289,4620,2,19,5147,4891,4909,4620,550471.6000,48,141,"2026-09-04 12:34:54"
2026-07-06,1037,1,704,53,651,704,53,651,2,7,710,659,704,651,92601.7100,21,36,"2026-09-04 12:34:54"
2026-07-06,1037,2,3332,409,2923,3332,409,2923,4,34,3592,3136,3332,2923,467239.5000,94,76,"2026-09-04 12:34:54"
2026-07-06,1037,3,5174,491,4683,5174,491,4683,4,44,5276,5164,5174,4683,821432.5400,39,12,"2026-09-04 12:34:54"
2026-07-06,1038,1,3504,189,3315,3504,189,3315,2,2,3706,3393,3504,3315,302414.8100,56,70,"2026-09-04 12:34:54"
2026-07-06,1038,2,514,59,455,514,59,455,5,25,543,485,514,455,88036.2300,23,102,"2026-09-04 12:34:54"
2026-07-06,1038,3,2428,265,2163,2428,265,2163,1,46,2492,2332,2428,2163,405288.8900,41,177,"2026-09-04 12:34:54"
2026-07-06,1039,1,3045,311,2734,3045,311,2734,1,33,3102,2917,3045,2734,281869.4000,22,122,"2026-09-04 12:34:54"
2026-07-06,1039,2,4288,442,3846,4288,442,3846,2,27,4538,4180,4288,3846,428860.3900,46,73,"2026-09-04 12:34:54"
2026-07-06,1039,3,1275,130,1145,1275,130,1145,1,45,1379,1219,1275,1145,155509.0600,49,112,"2026-09-04 12:34:54"
2026-07-06,1040,1,3379,272,3107,3379,272,3107,0,40,3665,3091,3379,3107,127650.4700,39,97,"2026-09-04 12:34:54"
2026-07-06,1040,2,755,41,714,755,41,714,1,26,812,722,755,714,60446.7300,44,66,"2026-09-04 12:34:54"
2026-07-06,1040,3,5138,340,4798,5138,340,4798,2,13,5647,5097,5138,4798,424017.5000,52,166,"2026-09-04 12:34:54"
2026-07-06,1041,1,5849,599,5250,5849,599,5250,0,32,6048,5404,5849,5250,95108.0100,27,46,"2026-09-04 12:34:54"
2026-07-06,1041,2,4324,505,3819,4324,505,3819,2,2,4567,4228,4324,3819,55779.7600,23,13,"2026-09-04 12:34:54"
2026-07-06,1041,3,21189,2693,18496,21189,2693,18496,1,48,21381,20130,21189,18496,237837.4600,109,146,"2026-09-04 12:34:54"
2026-07-06,1042,1,1112,87,1025,1112,87,1025,3,10,1179,1019,1112,1025,140271.0300,22,1,"2026-09-04 12:34:54"
2026-07-06,1042,2,3528,372,3156,3528,372,3156,5,41,3774,3218,3528,3156,268968.3200,21,178,"2026-09-04 12:34:54"
2026-07-06,1042,3,4908,249,4659,4908,249,4659,4,38,5311,4559,4908,4659,796497.5800,27,94,"2026-09-04 12:34:54"
2026-07-06,1043,1,6207,804,5403,6207,804,5403,0,8,6620,6062,6207,5403,846897.2600,31,34,"2026-09-04 12:34:54"
2026-07-06,1043,2,13918,800,13118,13918,800,13118,5,45,14071,13727,13918,13118,918966.1300,102,41,"2026-09-04 12:34:54"
2026-07-06,1043,3,902,76,826,902,76,826,3,30,988,867,902,826,83179.0300,39,59,"2026-09-04 12:34:54"
2026-07-06,1044,1,10762,747,10015,10762,747,10015,2,18,10934,10169,10762,10015,189914.4100,57,28,"2026-09-04 12:34:54"
2026-07-06,1044,2,8974,736,8238,8974,736,8238,1,4,9166,8964,8974,8238,1552039.5800,73,20,"2026-09-04 12:34:54"
2026-07-06,1044,3,2732,266,2466,2732,266,2466,0,41,2996,2543,2732,2466,47523.5100,31,77,"2026-09-04 12:34:54"
2026-07-06,1045,1,3017,287,2730,3017,287,2730,3,25,3297,2929,3017,2730,365191.7400,75,112,"2026-09-04 12:34:54"
2026-07-06,1045,2,10860,916,9944,10860,916,9944,1,14,11712,10316,10860,9944,264624.1700,80,27,"2026-09-04 12:34:54"
2026-07-06,1045,3,7133,631,6502,7133,631,6502,5,46,7783,6572,7133,6502,238433.3100,57,66,"2026-09-04 12:34:54"
2026-07-06,1046,1,3024,338,2686,3024,338,2686,5,2,3201,2762,3024,2686,316159.8800,38,2,"2026-09-04 12:34:54"
2026-07-06,1046,2,4166,416,3750,4166,416,3750,1,44,4549,3985,4166,3750,71180.5900,35,156,"2026-09-04 12:34:54"
2026-07-06,1046,3,635,79,556,635,79,556,5,45,635,594,635,556,11940.7700,34,14,"2026-09-04 12:34:54"
2026-07-06,1047,1,13754,1128,12626,13754,1128,12626,0,11,13797,12826,13754,12626,1490130.1400,76,114,"2026-09-04 12:34:54"
2026-07-06,1047,2,2610,246,2364,2610,246,2364,3,8,2641,2436,2610,2364,464046.9800,19,139,"2026-09-04 12:34:54"
2026-07-06,1047,3,3011,326,2685,3011,326,2685,0,37,3159,2920,3011,2685,383201.3200,53,128,"2026-09-04 12:34:54"
2026-07-06,1048,1,7375,617,6758,7375,617,6758,0,35,8108,6972,7375,6758,922877.8400,49,125,"2026-09-04 12:34:54"
2026-07-06,1048,2,756,59,697,756,59,697,5,31,790,745,756,697,121353.5300,26,99,"2026-09-04 12:34:54"
2026-07-06,1048,3,16215,1859,14356,16215,1859,14356,1,5,17715,15710,16215,14356,2626888.6600,82,126,"2026-09-04 12:34:54"
2026-07-06,1049,1,2559,183,2376,2559,183,2376,4,39,2597,2380,2559,2376,304023.6800,55,17,"2026-09-04 12:34:54"
2026-07-06,1049,2,3828,193,3635,3828,193,3635,3,27,4035,3570,3828,3635,562518.1500,54,76,"2026-09-04 12:34:54"
2026-07-06,1049,3,4314,480,3834,4314,480,3834,2,49,4703,4122,4314,3834,97044.1000,44,149,"2026-09-04 12:34:54"
2026-07-06,1050,1,7597,493,7104,7597,493,7104,0,41,7657,7458,7597,7104,630602.2900,36,166,"2026-09-04 12:34:54"
2026-07-06,1050,2,6511,811,5700,6511,811,5700,3,23,7013,6137,6511,5700,234727.6000,36,145,"2026-09-04 12:34:54"
2026-07-06,1050,3,2306,127,2179,2306,127,2179,2,34,2350,2114,2306,2179,261174.2100,19,12,"2026-09-04 12:34:54"
2026-07-07,1001,1,8774,942,7832,8774,942,7832,3,24,8900,8599,8774,7832,788687.9700,45,75,"2026-09-04 12:34:54"
2026-07-07,1001,2,8919,592,8327,8919,592,8327,1,30,8955,8565,8919,8327,585374.2700,70,28,"2026-09-04 12:34:54"
2026-07-07,1001,3,8147,631,7516,8147,631,7516,3,23,8611,7380,8147,7516,1062508.4100,41,48,"2026-09-04 12:34:54"
2026-07-07,1002,1,11133,1352,9781,11133,1352,9781,3,23,12083,10879,11133,9781,668758.2400,78,20,"2026-09-04 12:34:54"
2026-07-07,1002,2,6058,615,5443,6058,615,5443,1,16,6357,5847,6058,5443,971605.4900,40,142,"2026-09-04 12:34:54"
2026-07-07,1002,3,2324,263,2061,2324,263,2061,0,21,2493,2176,2324,2061,257374.2600,68,70,"2026-09-04 12:34:54"
2026-07-07,1003,1,3145,172,2973,3145,172,2973,5,2,3438,2974,3145,2973,111083.2800,23,144,"2026-09-04 12:34:54"
2026-07-07,1003,2,9688,733,8955,9688,733,8955,1,14,10126,8738,9688,8955,1358531.3000,57,178,"2026-09-04 12:34:54"
2026-07-07,1003,3,5854,741,5113,5854,741,5113,5,43,6067,5450,5854,5113,797062.5600,34,141,"2026-09-04 12:34:54"
2026-07-07,1004,1,20788,2456,18332,20788,2456,18332,5,24,21687,20203,20788,18332,2365680.4000,100,171,"2026-09-04 12:34:54"
2026-07-07,1004,2,5444,362,5082,5444,362,5082,5,29,5776,5329,5444,5082,722816.9300,31,107,"2026-09-04 12:34:54"
2026-07-07,1004,3,4145,538,3607,4145,538,3607,2,6,4255,4135,4145,3607,148825.2800,38,75,"2026-09-04 12:34:54"
2026-07-07,1005,1,4454,375,4079,4454,375,4079,3,23,4641,4078,4454,4079,587573.1800,31,11,"2026-09-04 12:34:54"
2026-07-07,1005,2,2477,259,2218,2477,259,2218,1,16,2511,2258,2477,2218,317819.8400,36,62,"2026-09-04 12:34:54"
2026-07-07,1005,3,9982,893,9089,9982,893,9089,3,4,10591,9954,9982,9089,767353.4400,48,42,"2026-09-04 12:34:54"
2026-07-07,1006,1,9339,1084,8255,9339,1084,8255,5,17,9537,8488,9339,8255,301351.7900,52,18,"2026-09-04 12:34:54"
2026-07-07,1006,2,3631,221,3410,3631,221,3410,1,36,3827,3513,3631,3410,62013.2700,20,179,"2026-09-04 12:34:54"
2026-07-07,1006,3,10645,865,9780,10645,865,9780,0,22,11554,10333,10645,9780,1255173.3300,66,119,"2026-09-04 12:34:54"
2026-07-07,1007,1,6545,490,6055,6545,490,6055,2,40,6688,6398,6545,6055,994974.9400,50,54,"2026-09-04 12:34:54"
2026-07-07,1007,2,7468,471,6997,7468,471,6997,3,14,7794,7093,7468,6997,470705.6100,41,67,"2026-09-04 12:34:54"
2026-07-07,1007,3,4531,494,4037,4531,494,4037,3,32,4869,4149,4531,4037,218070.2200,49,76,"2026-09-04 12:34:54"
2026-07-07,1008,1,3308,200,3108,3308,200,3108,0,26,3423,3159,3308,3108,515588.6000,55,117,"2026-09-04 12:34:54"
2026-07-07,1008,2,10668,924,9744,10668,924,9744,0,43,11660,10311,10668,9744,1185607.6000,64,170,"2026-09-04 12:34:54"
2026-07-07,1008,3,3920,261,3659,3920,261,3659,1,8,3989,3896,3920,3659,233128.6800,27,102,"2026-09-04 12:34:54"
2026-07-07,1009,1,6280,791,5489,6280,791,5489,3,13,6478,6226,6280,5489,792392.0400,30,143,"2026-09-04 12:34:54"
2026-07-07,1009,2,3405,292,3113,3405,292,3113,2,19,3539,3248,3405,3113,195258.5800,24,144,"2026-09-04 12:34:54"
2026-07-07,1009,3,1637,126,1511,1637,126,1511,3,23,1739,1496,1637,1511,284029.3600,26,62,"2026-09-04 12:34:54"
2026-07-07,1010,1,2204,154,2050,2204,154,2050,0,48,2230,2173,2204,2050,70490.9200,30,161,"2026-09-04 12:34:54"
2026-07-07,1010,2,1543,142,1401,1543,142,1401,0,19,1636,1452,1543,1401,13733.0200,33,94,"2026-09-04 12:34:54"
2026-07-07,1010,3,1418,132,1286,1418,132,1286,0,16,1442,1382,1418,1286,141670.4900,55,101,"2026-09-04 12:34:54"
2026-07-07,1011,1,1680,147,1533,1680,147,1533,0,14,1735,1631,1680,1533,219245.3800,31,11,"2026-09-04 12:34:54"
2026-07-07,1011,2,3188,246,2942,3188,246,2942,0,22,3440,3029,3188,2942,433071.0800,43,129,"2026-09-04 12:34:54"
2026-07-07,1011,3,587,38,549,587,38,549,2,33,619,569,587,549,45195.1500,21,173,"2026-09-04 12:34:54"
2026-07-07,1012,1,14291,1491,12800,14291,1491,12800,4,27,15244,13444,14291,12800,182992.4100,84,140,"2026-09-04 12:34:54"
2026-07-07,1012,2,6771,551,6220,6771,551,6220,3,8,6971,6247,6771,6220,630849.5100,32,1,"2026-09-04 12:34:54"
2026-07-07,1012,3,3860,228,3632,3860,228,3632,1,2,4026,3652,3860,3632,705267.8100,30,149,"2026-09-04 12:34:54"
2026-07-07,1013,1,7836,836,7000,7836,836,7000,0,21,8399,7485,7836,7000,848495.0000,43,73,"2026-09-04 12:34:54"
2026-07-07,1013,2,14573,1892,12681,14573,1892,12681,1,20,14901,13778,14573,12681,1890001.0800,85,75,"2026-09-04 12:34:54"
2026-07-07,1013,3,4919,576,4343,4919,576,4343,3,6,5393,4879,4919,4343,838056.1400,63,174,"2026-09-04 12:34:54"
2026-07-07,1014,1,19174,2460,16714,19174,2460,16714,5,28,20271,18833,19174,16714,1928971.4500,128,48,"2026-09-04 12:34:54"
2026-07-07,1014,2,2767,356,2411,2767,356,2411,3,23,2996,2722,2767,2411,195502.7700,73,162,"2026-09-04 12:34:54"
2026-07-07,1014,3,4678,566,4112,4678,566,4112,5,27,4774,4392,4678,4112,347550.5300,30,21,"2026-09-04 12:34:54"
2026-07-07,1015,1,8766,817,7949,8766,817,7949,3,8,8972,8069,8766,7949,843211.9000,70,15,"2026-09-04 12:34:54"
2026-07-07,1015,2,14124,755,13369,14124,755,13369,1,29,14598,13033,14124,13369,1154016.2500,78,48,"2026-09-04 12:34:54"
2026-07-07,1015,3,975,60,915,975,60,915,0,44,990,936,975,915,134604.2300,22,115,"2026-09-04 12:34:54"
2026-07-07,1016,1,1052,58,994,1052,58,994,0,8,1117,1002,1052,994,117750.6000,30,54,"2026-09-04 12:34:54"
2026-07-07,1016,2,12883,1297,11586,12883,1297,11586,2,46,13327,12410,12883,11586,1974526.0300,82,134,"2026-09-04 12:34:54"
2026-07-07,1016,3,10658,1013,9645,10658,1013,9645,3,26,11218,10505,10658,9645,1789048.5300,59,44,"2026-09-04 12:34:54"
2026-07-07,1017,1,3063,274,2789,3063,274,2789,5,3,3307,2822,3063,2789,23842.6300,35,164,"2026-09-04 12:34:54"
2026-07-07,1017,2,13901,1572,12329,13901,1572,12329,0,27,13940,12786,13901,12329,432753.2800,83,159,"2026-09-04 12:34:54"
2026-07-07,1017,3,4525,442,4083,4525,442,4083,2,7,4853,4517,4525,4083,795509.5900,57,51,"2026-09-04 12:34:54"
2026-07-07,1018,1,4729,361,4368,4729,361,4368,4,21,4753,4452,4729,4368,141442.3500,40,64,"2026-09-04 12:34:54"
2026-07-07,1018,2,4400,376,4024,4400,376,4024,2,44,4809,3991,4400,4024,641882.7700,32,8,"2026-09-04 12:34:54"
2026-07-07,1018,3,5323,333,4990,5323,333,4990,5,4,5733,4895,5323,4990,338823.8200,51,107,"2026-09-04 12:34:54"
2026-07-07,1019,1,6435,589,5846,6435,589,5846,2,48,7006,5894,6435,5846,298752.3100,34,59,"2026-09-04 12:34:54"
2026-07-07,1019,2,2361,224,2137,2361,224,2137,2,47,2415,2298,2361,2137,258512.1000,64,58,"2026-09-04 12:34:54"
2026-07-07,1019,3,3672,428,3244,3672,428,3244,5,44,3849,3545,3672,3244,204793.9800,38,168,"2026-09-04 12:34:54"
2026-07-07,1020,1,7846,621,7225,7846,621,7225,2,48,8630,7674,7846,7225,962463.4700,43,36,"2026-09-04 12:34:54"
2026-07-07,1020,2,687,79,608,687,79,608,3,38,744,650,687,608,22202.8800,50,4,"2026-09-04 12:34:54"
2026-07-07,1020,3,8546,1044,7502,8546,1044,7502,2,38,8997,7941,8546,7502,817123.6500,43,56,"2026-09-04 12:34:54"
2026-07-07,1021,1,4705,259,4446,4705,259,4446,0,41,4769,4687,4705,4446,623710.3700,28,148,"2026-09-04 12:34:54"
2026-07-07,1021,2,6591,769,5822,6591,769,5822,0,38,6994,6553,6591,5822,871450.0800,31,85,"2026-09-04 12:34:54"
2026-07-07,1021,3,9290,958,8332,9290,958,8332,4,26,9762,8456,9290,8332,1195935.8800,50,97,"2026-09-04 12:34:54"
2026-07-07,1022,1,5800,282,5518,5800,282,5518,5,26,5800,5431,5800,5518,830505.9700,31,72,"2026-09-04 12:34:54"
2026-07-07,1022,2,6618,676,5942,6618,676,5942,1,49,6997,6029,6618,5942,580990.5200,51,34,"2026-09-04 12:34:54"
2026-07-07,1022,3,4637,424,4213,4637,424,4213,0,16,4715,4423,4637,4213,440983.6900,31,153,"2026-09-04 12:34:54"
2026-07-07,1023,1,5244,496,4748,5244,496,4748,0,40,5379,4914,5244,4748,358017.3600,25,118,"2026-09-04 12:34:54"
2026-07-07,1023,2,1073,97,976,1073,97,976,2,36,1110,1053,1073,976,25196.8500,23,137,"2026-09-04 12:34:54"
2026-07-07,1023,3,1100,101,999,1100,101,999,3,44,1206,991,1100,999,173548.8200,62,95,"2026-09-04 12:34:54"
2026-07-07,1024,1,5845,336,5509,5845,336,5509,0,40,6284,5574,5845,5509,46658.5900,31,50,"2026-09-04 12:34:54"
2026-07-07,1024,2,3698,184,3514,3698,184,3514,3,42,4024,3684,3698,3514,196533.7100,79,36,"2026-09-04 12:34:54"
2026-07-07,1024,3,5024,560,4464,5024,560,4464,3,0,5196,4791,5024,4464,515046.4600,127,104,"2026-09-04 12:34:54"
2026-07-07,1025,1,4414,518,3896,4414,518,3896,5,30,4516,4135,4414,3896,84213.6500,38,169,"2026-09-04 12:34:54"
2026-07-07,1025,2,1368,129,1239,1368,129,1239,0,41,1371,1268,1368,1239,58570.9800,37,74,"2026-09-04 12:34:54"
2026-07-07,1025,3,929,77,852,929,77,852,4,12,1000,847,929,852,48329.4200,31,30,"2026-09-04 12:34:54"
2026-07-07,1026,1,320,38,282,320,38,282,1,49,334,310,320,282,26287.7800,28,159,"2026-09-04 12:34:54"
2026-07-07,1026,2,2315,192,2123,2315,192,2123,2,46,2337,2267,2315,2123,393575.7500,30,62,"2026-09-04 12:34:54"
2026-07-07,1026,3,1250,97,1153,1250,97,1153,2,22,1271,1228,1250,1153,123780.4700,44,94,"2026-09-04 12:34:54"
2026-07-07,1027,1,15085,1737,13348,15085,1737,13348,3,9,15424,13798,15085,13348,2287363.9200,68,164,"2026-09-04 12:34:54"
2026-07-07,1027,2,6150,301,5849,6150,301,5849,2,40,6408,5769,6150,5849,186816.9200,49,156,"2026-09-04 12:34:54"
2026-07-07,1027,3,1130,94,1036,1130,94,1036,5,10,1141,1092,1130,1036,118904.2200,24,124,"2026-09-04 12:34:54"
2026-07-07,1028,1,10338,616,9722,10338,616,9722,0,24,10659,9917,10338,9722,1924407.8100,59,124,"2026-09-04 12:34:54"
2026-07-07,1028,2,3735,362,3373,3735,362,3373,1,22,4096,3378,3735,3373,507141.1900,29,117,"2026-09-04 12:34:54"
2026-07-07,1028,3,6095,350,5745,6095,350,5745,1,41,6625,5513,6095,5745,516762.6500,31,79,"2026-09-04 12:34:54"
2026-07-07,1029,1,1697,101,1596,1697,101,1596,2,12,1786,1674,1697,1596,254684.6200,63,62,"2026-09-04 12:34:54"
2026-07-07,1029,2,954,47,907,954,47,907,2,0,1020,870,954,907,55060.4500,39,90,"2026-09-04 12:34:54"
2026-07-07,1029,3,909,55,854,909,55,854,0,37,918,841,909,854,39238.4300,23,125,"2026-09-04 12:34:54"
2026-07-07,1030,1,5383,274,5109,5383,274,5109,2,36,5429,4978,5383,5109,555969.2800,30,139,"2026-09-04 12:34:54"
2026-07-07,1030,2,7539,853,6686,7539,853,6686,3,11,7712,7257,7539,6686,1034330.9000,35,107,"2026-09-04 12:34:54"
2026-07-07,1030,3,1707,221,1486,1707,221,1486,5,19,1857,1564,1707,1486,152391.2500,32,77,"2026-09-04 12:34:54"
2026-07-07,1031,1,3666,357,3309,3666,357,3309,3,46,3733,3338,3666,3309,407720.7100,37,127,"2026-09-04 12:34:54"
2026-07-07,1031,2,3139,284,2855,3139,284,2855,2,42,3248,2867,3139,2855,296053.1500,36,58,"2026-09-04 12:34:54"
2026-07-07,1031,3,2508,245,2263,2508,245,2263,0,9,2734,2474,2508,2263,119698.4300,23,143,"2026-09-04 12:34:54"
2026-07-07,1032,1,7807,819,6988,7807,819,6988,2,44,8246,7113,7807,6988,478051.3900,42,41,"2026-09-04 12:34:54"
2026-07-07,1032,2,4163,206,3957,4163,206,3957,3,46,4297,4115,4163,3957,441225.9800,28,148,"2026-09-04 12:34:54"
2026-07-07,1032,3,5126,551,4575,5126,551,4575,1,43,5421,5101,5126,4575,278206.4300,45,35,"2026-09-04 12:34:54"
2026-07-07,1033,1,4879,569,4310,4879,569,4310,2,16,5257,4405,4879,4310,400765.2300,38,158,"2026-09-04 12:34:54"
2026-07-07,1033,2,12485,1234,11251,12485,1234,11251,1,35,13305,11793,12485,11251,762254.5000,88,141,"2026-09-04 12:34:54"
2026-07-07,1033,3,3574,362,3212,3574,362,3212,0,24,3860,3460,3574,3212,485627.6100,36,36,"2026-09-04 12:34:54"
2026-07-07,1034,1,3735,460,3275,3735,460,3275,5,48,4075,3650,3735,3275,469055.4900,33,155,"2026-09-04 12:34:54"
